[Data],,,,,,,,,,,,,,,,,,,,,,,,,,,,,,,,,,,,,,,,,,,,,,,,,,,,,
Lane,Sample_ID,Sample_Name,GenomeFolder,Index,Index2,bait_name,default_library_type,default_tag_sequence,default_tagtwo_sequence,email_addresses,email_addresses_of_followers,email_addresses_of_managers,email_addresses_of_owners,gbs_plex_name,is_control,is_pool,lane_id,lane_priority,library_name,organism,organism_taxon_id,project_cost_code,project_id,project_name,purpose,qc_state,request_id,required_insert_size_range,sample_accession_number,sample_cohort,sample_common_name,sample_consent_withdrawn,sample_control_type,sample_description,sample_donor_id,sample_id,sample_is_control,sample_name,sample_public_name,sample_reference_genome,sample_supplier_name,spiked_phix_tag_index,study_accession_number,study_alignments_in_bam,study_contains_nonconsented_human,study_contains_nonconsented_xahuman,study_description,study_id,study_name,study_reference_genome,study_separate_y_chromosome_data,study_title,tag_index,
1,7809257,ERS323818,,,,,No PCR,,,,,,,,0,0,8381746,0,7809257,Haemonchus contortus,6289,S0702,,,standard,,,from:400 to:550,ERS323818,,Haemonchus contortus,0,,25-30 mixed male and female worms%2C strain identity was checked using a panel of 4 microsatellite loci that discriminate Haemonchus contortus strains,,1660679,,Hc_4_BC4_P2_5046_340285,Haemonchus contortus MHco3%2F4.BC4(P2)-5046,Haemonchus_contortus (V1_21June13),,168,ERP000430,0,0,0,Two H. contortus ivermectin resistance strains have been backcrossed.,1697,Haemonchus contortus Ivermectin Resistance, ,0,Haemonchus contortus Ivermectin Resistance,,
2,7809258,ERS323819,,,,,No PCR,,,,,,,,0,0,8381744,0,7809258,Haemonchus contortus,6289,S0702,,,standard,,,from:400 to:550,ERS323819,,Haemonchus contortus,0,,25-30 mixed male and female worms%2C strain identity was checked using a panel of 4 microsatellite loci that discriminate Haemonchus contortus strains,,1660680,,Hc_10_BC4_P2_5779_340285,Haemonchus contortus MHco3%2F10.BC4(P2)-5779,Haemonchus_contortus (V1_21June13),,168,ERP000430,0,0,0,Two H. contortus ivermectin resistance strains have been backcrossed.,1697,Haemonchus contortus Ivermectin Resistance, ,0,Haemonchus contortus Ivermectin Resistance,,
3,7809258,ERS323819,,,,,No PCR,,,,,,,,0,0,8381745,0,7809258,Haemonchus contortus,6289,S0702,,,standard,,,from:400 to:550,ERS323819,,Haemonchus contortus,0,,25-30 mixed male and female worms%2C strain identity was checked using a panel of 4 microsatellite loci that discriminate Haemonchus contortus strains,,1660680,,Hc_10_BC4_P2_5779_340285,Haemonchus contortus MHco3%2F10.BC4(P2)-5779,Haemonchus_contortus (V1_21June13),,168,ERP000430,0,0,0,Two H. contortus ivermectin resistance strains have been backcrossed.,1697,Haemonchus contortus Ivermectin Resistance, ,0,Haemonchus contortus Ivermectin Resistance,,
4,8215019,ERS351213,,TAAGGCGA,TAGATCGC,,qPCR only,TAAGGCGATAGATCGC,,,,,,,0,0,8381739,0,8215019,mus musculus,10090,S0917,,,standard,,,from:300 to:1000,ERS351213,,Mus Musculus,0,,mRNAseq Nextera library made from G4 ES cell line from a male blastocyst from a C57BL%2F6Ncr male x 129S6%2FSvEvTac female,,1706390,,mES_ai2_s2_cell1,mES_ai2_s2_cell1,Mus_musculus (NCBIm37),,168,ERP003293,1,0,0,This study aims to investigate%0D%0A,2658,Single-cell analysis of the transcriptomic heterogeneity of ground state pluripotency,Mus_musculus (NCBIm37),0,Single-cell analysis of the transcriptomic heterogeneity of ground state pluripotency     ,1,
4,8215020,ERS351214,,CGTACTAG,TAGATCGC,,qPCR only,CGTACTAGTAGATCGC,,,,,,,0,0,8381739,0,8215020,mus musculus,10090,S0917,,,standard,,,from:300 to:1000,ERS351214,,Mus Musculus,0,,mRNAseq Nextera library made from G4 ES cell line from a male blastocyst from a C57BL%2F6Ncr male x 129S6%2FSvEvTac female,,1706391,,mES_ai2_s2_cell2,mES_ai2_s2_cell2,Mus_musculus (NCBIm37),,168,ERP003293,1,0,0,This study aims to investigate%0D%0A,2658,Single-cell analysis of the transcriptomic heterogeneity of ground state pluripotency,Mus_musculus (NCBIm37),0,Single-cell analysis of the transcriptomic heterogeneity of ground state pluripotency     ,2,
4,8215021,ERS351221,,AGGCAGAA,TAGATCGC,,qPCR only,AGGCAGAATAGATCGC,,,,,,,0,0,8381739,0,8215021,mus musculus,10090,S0917,,,standard,,,from:300 to:1000,ERS351221,,Mus Musculus,0,,mRNAseq Nextera library made from G4 ES cell line from a male blastocyst from a C57BL%2F6Ncr male x 129S6%2FSvEvTac female,,1706392,,mES_ai2_s2_cell3,mES_ai2_s2_cell3,Mus_musculus (NCBIm37),,168,ERP003293,1,0,0,This study aims to investigate%0D%0A,2658,Single-cell analysis of the transcriptomic heterogeneity of ground state pluripotency,Mus_musculus (NCBIm37),0,Single-cell analysis of the transcriptomic heterogeneity of ground state pluripotency     ,3,
4,8215022,ERS351222,,TCCTGAGC,TAGATCGC,,qPCR only,TCCTGAGCTAGATCGC,,,,,,,0,0,8381739,0,8215022,mus musculus,10090,S0917,,,standard,,,from:300 to:1000,ERS351222,,Mus Musculus,0,,mRNAseq Nextera library made from G4 ES cell line from a male blastocyst from a C57BL%2F6Ncr male x 129S6%2FSvEvTac female,,1706393,,mES_ai2_s2_cell4,mES_ai2_s2_cell4,Mus_musculus (NCBIm37),,168,ERP003293,1,0,0,This study aims to investigate%0D%0A,2658,Single-cell analysis of the transcriptomic heterogeneity of ground state pluripotency,Mus_musculus (NCBIm37),0,Single-cell analysis of the transcriptomic heterogeneity of ground state pluripotency     ,4,
4,8215023,ERS351223,,GGACTCCT,TAGATCGC,,qPCR only,GGACTCCTTAGATCGC,,,,,,,0,0,8381739,0,8215023,mus musculus,10090,S0917,,,standard,,,from:300 to:1000,ERS351223,,Mus Musculus,0,,mRNAseq Nextera library made from G4 ES cell line from a male blastocyst from a C57BL%2F6Ncr male x 129S6%2FSvEvTac female,,1706394,,mES_ai2_s2_cell5,mES_ai2_s2_cell5,Mus_musculus (NCBIm37),,168,ERP003293,1,0,0,This study aims to investigate%0D%0A,2658,Single-cell analysis of the transcriptomic heterogeneity of ground state pluripotency,Mus_musculus (NCBIm37),0,Single-cell analysis of the transcriptomic heterogeneity of ground state pluripotency     ,5,
4,8215024,ERS351224,,TAGGCATG,TAGATCGC,,qPCR only,TAGGCATGTAGATCGC,,,,,,,0,0,8381739,0,8215024,mus musculus,10090,S0917,,,standard,,,from:300 to:1000,ERS351224,,Mus Musculus,0,,mRNAseq Nextera library made from G4 ES cell line from a male blastocyst from a C57BL%2F6Ncr male x 129S6%2FSvEvTac female,,1706395,,mES_ai2_s2_cell6,mES_ai2_s2_cell6,Mus_musculus (NCBIm37),,168,ERP003293,1,0,0,This study aims to investigate%0D%0A,2658,Single-cell analysis of the transcriptomic heterogeneity of ground state pluripotency,Mus_musculus (NCBIm37),0,Single-cell analysis of the transcriptomic heterogeneity of ground state pluripotency     ,6,
4,8215025,ERS351225,,CTCTCTAC,TAGATCGC,,qPCR only,CTCTCTACTAGATCGC,,,,,,,0,0,8381739,0,8215025,mus musculus,10090,S0917,,,standard,,,from:300 to:1000,ERS351225,,Mus Musculus,0,,mRNAseq Nextera library made from G4 ES cell line from a male blastocyst from a C57BL%2F6Ncr male x 129S6%2FSvEvTac female,,1706396,,mES_ai2_s2_cell7,mES_ai2_s2_cell7,Mus_musculus (NCBIm37),,168,ERP003293,1,0,0,This study aims to investigate%0D%0A,2658,Single-cell analysis of the transcriptomic heterogeneity of ground state pluripotency,Mus_musculus (NCBIm37),0,Single-cell analysis of the transcriptomic heterogeneity of ground state pluripotency     ,7,
4,8215026,ERS351218,,CAGAGAGG,TAGATCGC,,qPCR only,CAGAGAGGTAGATCGC,,,,,,,0,0,8381739,0,8215026,mus musculus,10090,S0917,,,standard,,,from:300 to:1000,ERS351218,,Mus Musculus,0,,mRNAseq Nextera library made from G4 ES cell line from a male blastocyst from a C57BL%2F6Ncr male x 129S6%2FSvEvTac female,,1706397,,mES_ai2_s2_cell8,mES_ai2_s2_cell8,Mus_musculus (NCBIm37),,168,ERP003293,1,0,0,This study aims to investigate%0D%0A,2658,Single-cell analysis of the transcriptomic heterogeneity of ground state pluripotency,Mus_musculus (NCBIm37),0,Single-cell analysis of the transcriptomic heterogeneity of ground state pluripotency     ,8,
4,8215027,ERS351219,,GCTACGCT,TAGATCGC,,qPCR only,GCTACGCTTAGATCGC,,,,,,,0,0,8381739,0,8215027,mus musculus,10090,S0917,,,standard,,,from:300 to:1000,ERS351219,,Mus Musculus,0,,mRNAseq Nextera library made from G4 ES cell line from a male blastocyst from a C57BL%2F6Ncr male x 129S6%2FSvEvTac female,,1706398,,mES_ai2_s2_cell9,mES_ai2_s2_cell9,Mus_musculus (NCBIm37),,168,ERP003293,1,0,0,This study aims to investigate%0D%0A,2658,Single-cell analysis of the transcriptomic heterogeneity of ground state pluripotency,Mus_musculus (NCBIm37),0,Single-cell analysis of the transcriptomic heterogeneity of ground state pluripotency     ,9,
4,8215028,ERS351220,,CGAGGCTG,TAGATCGC,,qPCR only,CGAGGCTGTAGATCGC,,,,,,,0,0,8381739,0,8215028,mus musculus,10090,S0917,,,standard,,,from:300 to:1000,ERS351220,,Mus Musculus,0,,mRNAseq Nextera library made from G4 ES cell line from a male blastocyst from a C57BL%2F6Ncr male x 129S6%2FSvEvTac female,,1706399,,mES_ai2_s2_cell10,mES_ai2_s2_cell10,Mus_musculus (NCBIm37),,168,ERP003293,1,0,0,This study aims to investigate%0D%0A,2658,Single-cell analysis of the transcriptomic heterogeneity of ground state pluripotency,Mus_musculus (NCBIm37),0,Single-cell analysis of the transcriptomic heterogeneity of ground state pluripotency     ,10,
4,8215029,ERS351235,,AAGAGGCA,TAGATCGC,,qPCR only,AAGAGGCATAGATCGC,,,,,,,0,0,8381739,0,8215029,mus musculus,10090,S0917,,,standard,,,from:300 to:1000,ERS351235,,Mus Musculus,0,,mRNAseq Nextera library made from G4 ES cell line from a male blastocyst from a C57BL%2F6Ncr male x 129S6%2FSvEvTac female,,1706400,,mES_ai2_s2_cell11,mES_ai2_s2_cell11,Mus_musculus (NCBIm37),,168,ERP003293,1,0,0,This study aims to investigate%0D%0A,2658,Single-cell analysis of the transcriptomic heterogeneity of ground state pluripotency,Mus_musculus (NCBIm37),0,Single-cell analysis of the transcriptomic heterogeneity of ground state pluripotency     ,11,
4,8215030,ERS351237,,GTAGAGGA,TAGATCGC,,qPCR only,GTAGAGGATAGATCGC,,,,,,,0,0,8381739,0,8215030,mus musculus,10090,S0917,,,standard,,,from:300 to:1000,ERS351237,,Mus Musculus,0,,mRNAseq Nextera library made from G4 ES cell line from a male blastocyst from a C57BL%2F6Ncr male x 129S6%2FSvEvTac female,,1706401,,mES_ai2_s2_cell12,mES_ai2_s2_cell12,Mus_musculus (NCBIm37),,168,ERP003293,1,0,0,This study aims to investigate%0D%0A,2658,Single-cell analysis of the transcriptomic heterogeneity of ground state pluripotency,Mus_musculus (NCBIm37),0,Single-cell analysis of the transcriptomic heterogeneity of ground state pluripotency     ,12,
4,8215031,ERS351238,,TAAGGCGA,CTCTCTAT,,qPCR only,TAAGGCGACTCTCTAT,,,,,,,0,0,8381739,0,8215031,mus musculus,10090,S0917,,,standard,,,from:300 to:1000,ERS351238,,Mus Musculus,0,,mRNAseq Nextera library made from G4 ES cell line from a male blastocyst from a C57BL%2F6Ncr male x 129S6%2FSvEvTac female,,1706402,,mES_ai2_s2_cell13,mES_ai2_s2_cell13,Mus_musculus (NCBIm37),,168,ERP003293,1,0,0,This study aims to investigate%0D%0A,2658,Single-cell analysis of the transcriptomic heterogeneity of ground state pluripotency,Mus_musculus (NCBIm37),0,Single-cell analysis of the transcriptomic heterogeneity of ground state pluripotency     ,13,
4,8215032,ERS351239,,CGTACTAG,CTCTCTAT,,qPCR only,CGTACTAGCTCTCTAT,,,,,,,0,0,8381739,0,8215032,mus musculus,10090,S0917,,,standard,,,from:300 to:1000,ERS351239,,Mus Musculus,0,,mRNAseq Nextera library made from G4 ES cell line from a male blastocyst from a C57BL%2F6Ncr male x 129S6%2FSvEvTac female,,1706403,,mES_ai2_s2_cell14,mES_ai2_s2_cell14,Mus_musculus (NCBIm37),,168,ERP003293,1,0,0,This study aims to investigate%0D%0A,2658,Single-cell analysis of the transcriptomic heterogeneity of ground state pluripotency,Mus_musculus (NCBIm37),0,Single-cell analysis of the transcriptomic heterogeneity of ground state pluripotency     ,14,
4,8215033,ERS351241,,AGGCAGAA,CTCTCTAT,,qPCR only,AGGCAGAACTCTCTAT,,,,,,,0,0,8381739,0,8215033,mus musculus,10090,S0917,,,standard,,,from:300 to:1000,ERS351241,,Mus Musculus,0,,mRNAseq Nextera library made from G4 ES cell line from a male blastocyst from a C57BL%2F6Ncr male x 129S6%2FSvEvTac female,,1706404,,mES_ai2_s2_cell15,mES_ai2_s2_cell15,Mus_musculus (NCBIm37),,168,ERP003293,1,0,0,This study aims to investigate%0D%0A,2658,Single-cell analysis of the transcriptomic heterogeneity of ground state pluripotency,Mus_musculus (NCBIm37),0,Single-cell analysis of the transcriptomic heterogeneity of ground state pluripotency     ,15,
4,8215034,ERS351226,,TCCTGAGC,CTCTCTAT,,qPCR only,TCCTGAGCCTCTCTAT,,,,,,,0,0,8381739,0,8215034,mus musculus,10090,S0917,,,standard,,,from:300 to:1000,ERS351226,,Mus Musculus,0,,mRNAseq Nextera library made from G4 ES cell line from a male blastocyst from a C57BL%2F6Ncr male x 129S6%2FSvEvTac female,,1706405,,mES_ai2_s2_cell16,mES_ai2_s2_cell16,Mus_musculus (NCBIm37),,168,ERP003293,1,0,0,This study aims to investigate%0D%0A,2658,Single-cell analysis of the transcriptomic heterogeneity of ground state pluripotency,Mus_musculus (NCBIm37),0,Single-cell analysis of the transcriptomic heterogeneity of ground state pluripotency     ,16,
4,8215035,ERS351227,,GGACTCCT,CTCTCTAT,,qPCR only,GGACTCCTCTCTCTAT,,,,,,,0,0,8381739,0,8215035,mus musculus,10090,S0917,,,standard,,,from:300 to:1000,ERS351227,,Mus Musculus,0,,mRNAseq Nextera library made from G4 ES cell line from a male blastocyst from a C57BL%2F6Ncr male x 129S6%2FSvEvTac female,,1706406,,mES_ai2_s2_cell17,mES_ai2_s2_cell17,Mus_musculus (NCBIm37),,168,ERP003293,1,0,0,This study aims to investigate%0D%0A,2658,Single-cell analysis of the transcriptomic heterogeneity of ground state pluripotency,Mus_musculus (NCBIm37),0,Single-cell analysis of the transcriptomic heterogeneity of ground state pluripotency     ,17,
4,8215036,ERS351234,,TAGGCATG,CTCTCTAT,,qPCR only,TAGGCATGCTCTCTAT,,,,,,,0,0,8381739,0,8215036,mus musculus,10090,S0917,,,standard,,,from:300 to:1000,ERS351234,,Mus Musculus,0,,mRNAseq Nextera library made from G4 ES cell line from a male blastocyst from a C57BL%2F6Ncr male x 129S6%2FSvEvTac female,,1706407,,mES_ai2_s2_cell18,mES_ai2_s2_cell18,Mus_musculus (NCBIm37),,168,ERP003293,1,0,0,This study aims to investigate%0D%0A,2658,Single-cell analysis of the transcriptomic heterogeneity of ground state pluripotency,Mus_musculus (NCBIm37),0,Single-cell analysis of the transcriptomic heterogeneity of ground state pluripotency     ,18,
4,8215037,ERS351236,,CTCTCTAC,CTCTCTAT,,qPCR only,CTCTCTACCTCTCTAT,,,,,,,0,0,8381739,0,8215037,mus musculus,10090,S0917,,,standard,,,from:300 to:1000,ERS351236,,Mus Musculus,0,,mRNAseq Nextera library made from G4 ES cell line from a male blastocyst from a C57BL%2F6Ncr male x 129S6%2FSvEvTac female,,1706408,,mES_ai2_s2_cell19,mES_ai2_s2_cell19,Mus_musculus (NCBIm37),,168,ERP003293,1,0,0,This study aims to investigate%0D%0A,2658,Single-cell analysis of the transcriptomic heterogeneity of ground state pluripotency,Mus_musculus (NCBIm37),0,Single-cell analysis of the transcriptomic heterogeneity of ground state pluripotency     ,19,
4,8215038,ERS351247,,CAGAGAGG,CTCTCTAT,,qPCR only,CAGAGAGGCTCTCTAT,,,,,,,0,0,8381739,0,8215038,mus musculus,10090,S0917,,,standard,,,from:300 to:1000,ERS351247,,Mus Musculus,0,,mRNAseq Nextera library made from G4 ES cell line from a male blastocyst from a C57BL%2F6Ncr male x 129S6%2FSvEvTac female,,1706409,,mES_ai2_s2_cell20,mES_ai2_s2_cell20,Mus_musculus (NCBIm37),,168,ERP003293,1,0,0,This study aims to investigate%0D%0A,2658,Single-cell analysis of the transcriptomic heterogeneity of ground state pluripotency,Mus_musculus (NCBIm37),0,Single-cell analysis of the transcriptomic heterogeneity of ground state pluripotency     ,20,
4,8215039,ERS351249,,GCTACGCT,CTCTCTAT,,qPCR only,GCTACGCTCTCTCTAT,,,,,,,0,0,8381739,0,8215039,mus musculus,10090,S0917,,,standard,,,from:300 to:1000,ERS351249,,Mus Musculus,0,,mRNAseq Nextera library made from G4 ES cell line from a male blastocyst from a C57BL%2F6Ncr male x 129S6%2FSvEvTac female,,1706410,,mES_ai2_s2_cell21,mES_ai2_s2_cell21,Mus_musculus (NCBIm37),,168,ERP003293,1,0,0,This study aims to investigate%0D%0A,2658,Single-cell analysis of the transcriptomic heterogeneity of ground state pluripotency,Mus_musculus (NCBIm37),0,Single-cell analysis of the transcriptomic heterogeneity of ground state pluripotency     ,21,
4,8215040,ERS351251,,CGAGGCTG,CTCTCTAT,,qPCR only,CGAGGCTGCTCTCTAT,,,,,,,0,0,8381739,0,8215040,mus musculus,10090,S0917,,,standard,,,from:300 to:1000,ERS351251,,Mus Musculus,0,,mRNAseq Nextera library made from G4 ES cell line from a male blastocyst from a C57BL%2F6Ncr male x 129S6%2FSvEvTac female,,1706411,,mES_ai2_s2_cell22,mES_ai2_s2_cell22,Mus_musculus (NCBIm37),,168,ERP003293,1,0,0,This study aims to investigate%0D%0A,2658,Single-cell analysis of the transcriptomic heterogeneity of ground state pluripotency,Mus_musculus (NCBIm37),0,Single-cell analysis of the transcriptomic heterogeneity of ground state pluripotency     ,22,
4,8215041,ERS351252,,AAGAGGCA,CTCTCTAT,,qPCR only,AAGAGGCACTCTCTAT,,,,,,,0,0,8381739,0,8215041,mus musculus,10090,S0917,,,standard,,,from:300 to:1000,ERS351252,,Mus Musculus,0,,mRNAseq Nextera library made from G4 ES cell line from a male blastocyst from a C57BL%2F6Ncr male x 129S6%2FSvEvTac female,,1706412,,mES_ai2_s2_cell23,mES_ai2_s2_cell23,Mus_musculus (NCBIm37),,168,ERP003293,1,0,0,This study aims to investigate%0D%0A,2658,Single-cell analysis of the transcriptomic heterogeneity of ground state pluripotency,Mus_musculus (NCBIm37),0,Single-cell analysis of the transcriptomic heterogeneity of ground state pluripotency     ,23,
4,8215042,ERS351242,,GTAGAGGA,CTCTCTAT,,qPCR only,GTAGAGGACTCTCTAT,,,,,,,0,0,8381739,0,8215042,mus musculus,10090,S0917,,,standard,,,from:300 to:1000,ERS351242,,Mus Musculus,0,,mRNAseq Nextera library made from G4 ES cell line from a male blastocyst from a C57BL%2F6Ncr male x 129S6%2FSvEvTac female,,1706413,,mES_ai2_s2_cell24,mES_ai2_s2_cell24,Mus_musculus (NCBIm37),,168,ERP003293,1,0,0,This study aims to investigate%0D%0A,2658,Single-cell analysis of the transcriptomic heterogeneity of ground state pluripotency,Mus_musculus (NCBIm37),0,Single-cell analysis of the transcriptomic heterogeneity of ground state pluripotency     ,24,
4,8215043,ERS351243,,TAAGGCGA,TATCCTCT,,qPCR only,TAAGGCGATATCCTCT,,,,,,,0,0,8381739,0,8215043,mus musculus,10090,S0917,,,standard,,,from:300 to:1000,ERS351243,,Mus Musculus,0,,mRNAseq Nextera library made from G4 ES cell line from a male blastocyst from a C57BL%2F6Ncr male x 129S6%2FSvEvTac female,,1706414,,mES_ai2_s2_cell25,mES_ai2_s2_cell25,Mus_musculus (NCBIm37),,168,ERP003293,1,0,0,This study aims to investigate%0D%0A,2658,Single-cell analysis of the transcriptomic heterogeneity of ground state pluripotency,Mus_musculus (NCBIm37),0,Single-cell analysis of the transcriptomic heterogeneity of ground state pluripotency     ,25,
4,8215044,ERS351244,,CGTACTAG,TATCCTCT,,qPCR only,CGTACTAGTATCCTCT,,,,,,,0,0,8381739,0,8215044,mus musculus,10090,S0917,,,standard,,,from:300 to:1000,ERS351244,,Mus Musculus,0,,mRNAseq Nextera library made from G4 ES cell line from a male blastocyst from a C57BL%2F6Ncr male x 129S6%2FSvEvTac female,,1706415,,mES_ai2_s2_cell26,mES_ai2_s2_cell26,Mus_musculus (NCBIm37),,168,ERP003293,1,0,0,This study aims to investigate%0D%0A,2658,Single-cell analysis of the transcriptomic heterogeneity of ground state pluripotency,Mus_musculus (NCBIm37),0,Single-cell analysis of the transcriptomic heterogeneity of ground state pluripotency     ,26,
4,8215045,ERS351245,,AGGCAGAA,TATCCTCT,,qPCR only,AGGCAGAATATCCTCT,,,,,,,0,0,8381739,0,8215045,mus musculus,10090,S0917,,,standard,,,from:300 to:1000,ERS351245,,Mus Musculus,0,,mRNAseq Nextera library made from G4 ES cell line from a male blastocyst from a C57BL%2F6Ncr male x 129S6%2FSvEvTac female,,1706416,,mES_ai2_s2_cell27,mES_ai2_s2_cell27,Mus_musculus (NCBIm37),,168,ERP003293,1,0,0,This study aims to investigate%0D%0A,2658,Single-cell analysis of the transcriptomic heterogeneity of ground state pluripotency,Mus_musculus (NCBIm37),0,Single-cell analysis of the transcriptomic heterogeneity of ground state pluripotency     ,27,
4,8215046,ERS351248,,TCCTGAGC,TATCCTCT,,qPCR only,TCCTGAGCTATCCTCT,,,,,,,0,0,8381739,0,8215046,mus musculus,10090,S0917,,,standard,,,from:300 to:1000,ERS351248,,Mus Musculus,0,,mRNAseq Nextera library made from G4 ES cell line from a male blastocyst from a C57BL%2F6Ncr male x 129S6%2FSvEvTac female,,1706417,,mES_ai2_s2_cell28,mES_ai2_s2_cell28,Mus_musculus (NCBIm37),,168,ERP003293,1,0,0,This study aims to investigate%0D%0A,2658,Single-cell analysis of the transcriptomic heterogeneity of ground state pluripotency,Mus_musculus (NCBIm37),0,Single-cell analysis of the transcriptomic heterogeneity of ground state pluripotency     ,28,
4,8215047,ERS351250,,GGACTCCT,TATCCTCT,,qPCR only,GGACTCCTTATCCTCT,,,,,,,0,0,8381739,0,8215047,mus musculus,10090,S0917,,,standard,,,from:300 to:1000,ERS351250,,Mus Musculus,0,,mRNAseq Nextera library made from G4 ES cell line from a male blastocyst from a C57BL%2F6Ncr male x 129S6%2FSvEvTac female,,1706418,,mES_ai2_s2_cell29,mES_ai2_s2_cell29,Mus_musculus (NCBIm37),,168,ERP003293,1,0,0,This study aims to investigate%0D%0A,2658,Single-cell analysis of the transcriptomic heterogeneity of ground state pluripotency,Mus_musculus (NCBIm37),0,Single-cell analysis of the transcriptomic heterogeneity of ground state pluripotency     ,29,
4,8215048,ERS351260,,TAGGCATG,TATCCTCT,,qPCR only,TAGGCATGTATCCTCT,,,,,,,0,0,8381739,0,8215048,mus musculus,10090,S0917,,,standard,,,from:300 to:1000,ERS351260,,Mus Musculus,0,,mRNAseq Nextera library made from G4 ES cell line from a male blastocyst from a C57BL%2F6Ncr male x 129S6%2FSvEvTac female,,1706419,,mES_ai2_s2_cell30,mES_ai2_s2_cell30,Mus_musculus (NCBIm37),,168,ERP003293,1,0,0,This study aims to investigate%0D%0A,2658,Single-cell analysis of the transcriptomic heterogeneity of ground state pluripotency,Mus_musculus (NCBIm37),0,Single-cell analysis of the transcriptomic heterogeneity of ground state pluripotency     ,30,
4,8215049,ERS351261,,CTCTCTAC,TATCCTCT,,qPCR only,CTCTCTACTATCCTCT,,,,,,,0,0,8381739,0,8215049,mus musculus,10090,S0917,,,standard,,,from:300 to:1000,ERS351261,,Mus Musculus,0,,mRNAseq Nextera library made from G4 ES cell line from a male blastocyst from a C57BL%2F6Ncr male x 129S6%2FSvEvTac female,,1706420,,mES_ai2_s2_cell31,mES_ai2_s2_cell31,Mus_musculus (NCBIm37),,168,ERP003293,1,0,0,This study aims to investigate%0D%0A,2658,Single-cell analysis of the transcriptomic heterogeneity of ground state pluripotency,Mus_musculus (NCBIm37),0,Single-cell analysis of the transcriptomic heterogeneity of ground state pluripotency     ,31,
4,8215050,ERS351254,,CAGAGAGG,TATCCTCT,,qPCR only,CAGAGAGGTATCCTCT,,,,,,,0,0,8381739,0,8215050,mus musculus,10090,S0917,,,standard,,,from:300 to:1000,ERS351254,,Mus Musculus,0,,mRNAseq Nextera library made from G4 ES cell line from a male blastocyst from a C57BL%2F6Ncr male x 129S6%2FSvEvTac female,,1706421,,mES_ai2_s2_cell32,mES_ai2_s2_cell32,Mus_musculus (NCBIm37),,168,ERP003293,1,0,0,This study aims to investigate%0D%0A,2658,Single-cell analysis of the transcriptomic heterogeneity of ground state pluripotency,Mus_musculus (NCBIm37),0,Single-cell analysis of the transcriptomic heterogeneity of ground state pluripotency     ,32,
4,8215051,ERS351255,,GCTACGCT,TATCCTCT,,qPCR only,GCTACGCTTATCCTCT,,,,,,,0,0,8381739,0,8215051,mus musculus,10090,S0917,,,standard,,,from:300 to:1000,ERS351255,,Mus Musculus,0,,mRNAseq Nextera library made from G4 ES cell line from a male blastocyst from a C57BL%2F6Ncr male x 129S6%2FSvEvTac female,,1706422,,mES_ai2_s2_cell33,mES_ai2_s2_cell33,Mus_musculus (NCBIm37),,168,ERP003293,1,0,0,This study aims to investigate%0D%0A,2658,Single-cell analysis of the transcriptomic heterogeneity of ground state pluripotency,Mus_musculus (NCBIm37),0,Single-cell analysis of the transcriptomic heterogeneity of ground state pluripotency     ,33,
4,8215052,ERS351256,,CGAGGCTG,TATCCTCT,,qPCR only,CGAGGCTGTATCCTCT,,,,,,,0,0,8381739,0,8215052,mus musculus,10090,S0917,,,standard,,,from:300 to:1000,ERS351256,,Mus Musculus,0,,mRNAseq Nextera library made from G4 ES cell line from a male blastocyst from a C57BL%2F6Ncr male x 129S6%2FSvEvTac female,,1706423,,mES_ai2_s2_cell34,mES_ai2_s2_cell34,Mus_musculus (NCBIm37),,168,ERP003293,1,0,0,This study aims to investigate%0D%0A,2658,Single-cell analysis of the transcriptomic heterogeneity of ground state pluripotency,Mus_musculus (NCBIm37),0,Single-cell analysis of the transcriptomic heterogeneity of ground state pluripotency     ,34,
4,8215053,ERS351257,,AAGAGGCA,TATCCTCT,,qPCR only,AAGAGGCATATCCTCT,,,,,,,0,0,8381739,0,8215053,mus musculus,10090,S0917,,,standard,,,from:300 to:1000,ERS351257,,Mus Musculus,0,,mRNAseq Nextera library made from G4 ES cell line from a male blastocyst from a C57BL%2F6Ncr male x 129S6%2FSvEvTac female,,1706424,,mES_ai2_s2_cell35,mES_ai2_s2_cell35,Mus_musculus (NCBIm37),,168,ERP003293,1,0,0,This study aims to investigate%0D%0A,2658,Single-cell analysis of the transcriptomic heterogeneity of ground state pluripotency,Mus_musculus (NCBIm37),0,Single-cell analysis of the transcriptomic heterogeneity of ground state pluripotency     ,35,
4,8215054,ERS351258,,GTAGAGGA,TATCCTCT,,qPCR only,GTAGAGGATATCCTCT,,,,,,,0,0,8381739,0,8215054,mus musculus,10090,S0917,,,standard,,,from:300 to:1000,ERS351258,,Mus Musculus,0,,mRNAseq Nextera library made from G4 ES cell line from a male blastocyst from a C57BL%2F6Ncr male x 129S6%2FSvEvTac female,,1706425,,mES_ai2_s2_cell36,mES_ai2_s2_cell36,Mus_musculus (NCBIm37),,168,ERP003293,1,0,0,This study aims to investigate%0D%0A,2658,Single-cell analysis of the transcriptomic heterogeneity of ground state pluripotency,Mus_musculus (NCBIm37),0,Single-cell analysis of the transcriptomic heterogeneity of ground state pluripotency     ,36,
4,8215055,ERS351259,,TAAGGCGA,AGAGTAGA,,qPCR only,TAAGGCGAAGAGTAGA,,,,,,,0,0,8381739,0,8215055,mus musculus,10090,S0917,,,standard,,,from:300 to:1000,ERS351259,,Mus Musculus,0,,mRNAseq Nextera library made from G4 ES cell line from a male blastocyst from a C57BL%2F6Ncr male x 129S6%2FSvEvTac female,,1706426,,mES_ai2_s2_cell37,mES_ai2_s2_cell37,Mus_musculus (NCBIm37),,168,ERP003293,1,0,0,This study aims to investigate%0D%0A,2658,Single-cell analysis of the transcriptomic heterogeneity of ground state pluripotency,Mus_musculus (NCBIm37),0,Single-cell analysis of the transcriptomic heterogeneity of ground state pluripotency     ,37,
4,8215056,ERS351269,,CGTACTAG,AGAGTAGA,,qPCR only,CGTACTAGAGAGTAGA,,,,,,,0,0,8381739,0,8215056,mus musculus,10090,S0917,,,standard,,,from:300 to:1000,ERS351269,,Mus Musculus,0,,mRNAseq Nextera library made from G4 ES cell line from a male blastocyst from a C57BL%2F6Ncr male x 129S6%2FSvEvTac female,,1706427,,mES_ai2_s2_cell38,mES_ai2_s2_cell38,Mus_musculus (NCBIm37),,168,ERP003293,1,0,0,This study aims to investigate%0D%0A,2658,Single-cell analysis of the transcriptomic heterogeneity of ground state pluripotency,Mus_musculus (NCBIm37),0,Single-cell analysis of the transcriptomic heterogeneity of ground state pluripotency     ,38,
4,8215057,ERS351271,,AGGCAGAA,AGAGTAGA,,qPCR only,AGGCAGAAAGAGTAGA,,,,,,,0,0,8381739,0,8215057,mus musculus,10090,S0917,,,standard,,,from:300 to:1000,ERS351271,,Mus Musculus,0,,mRNAseq Nextera library made from G4 ES cell line from a male blastocyst from a C57BL%2F6Ncr male x 129S6%2FSvEvTac female,,1706428,,mES_ai2_s2_cell39,mES_ai2_s2_cell39,Mus_musculus (NCBIm37),,168,ERP003293,1,0,0,This study aims to investigate%0D%0A,2658,Single-cell analysis of the transcriptomic heterogeneity of ground state pluripotency,Mus_musculus (NCBIm37),0,Single-cell analysis of the transcriptomic heterogeneity of ground state pluripotency     ,39,
4,8215058,ERS351262,,TCCTGAGC,AGAGTAGA,,qPCR only,TCCTGAGCAGAGTAGA,,,,,,,0,0,8381739,0,8215058,mus musculus,10090,S0917,,,standard,,,from:300 to:1000,ERS351262,,Mus Musculus,0,,mRNAseq Nextera library made from G4 ES cell line from a male blastocyst from a C57BL%2F6Ncr male x 129S6%2FSvEvTac female,,1706429,,mES_ai2_s2_cell40,mES_ai2_s2_cell40,Mus_musculus (NCBIm37),,168,ERP003293,1,0,0,This study aims to investigate%0D%0A,2658,Single-cell analysis of the transcriptomic heterogeneity of ground state pluripotency,Mus_musculus (NCBIm37),0,Single-cell analysis of the transcriptomic heterogeneity of ground state pluripotency     ,40,
4,8215059,ERS351263,,GGACTCCT,AGAGTAGA,,qPCR only,GGACTCCTAGAGTAGA,,,,,,,0,0,8381739,0,8215059,mus musculus,10090,S0917,,,standard,,,from:300 to:1000,ERS351263,,Mus Musculus,0,,mRNAseq Nextera library made from G4 ES cell line from a male blastocyst from a C57BL%2F6Ncr male x 129S6%2FSvEvTac female,,1706430,,mES_ai2_s2_cell41,mES_ai2_s2_cell41,Mus_musculus (NCBIm37),,168,ERP003293,1,0,0,This study aims to investigate%0D%0A,2658,Single-cell analysis of the transcriptomic heterogeneity of ground state pluripotency,Mus_musculus (NCBIm37),0,Single-cell analysis of the transcriptomic heterogeneity of ground state pluripotency     ,41,
4,8215060,ERS351264,,TAGGCATG,AGAGTAGA,,qPCR only,TAGGCATGAGAGTAGA,,,,,,,0,0,8381739,0,8215060,mus musculus,10090,S0917,,,standard,,,from:300 to:1000,ERS351264,,Mus Musculus,0,,mRNAseq Nextera library made from G4 ES cell line from a male blastocyst from a C57BL%2F6Ncr male x 129S6%2FSvEvTac female,,1706431,,mES_ai2_s2_cell42,mES_ai2_s2_cell42,Mus_musculus (NCBIm37),,168,ERP003293,1,0,0,This study aims to investigate%0D%0A,2658,Single-cell analysis of the transcriptomic heterogeneity of ground state pluripotency,Mus_musculus (NCBIm37),0,Single-cell analysis of the transcriptomic heterogeneity of ground state pluripotency     ,42,
4,8215061,ERS351266,,CTCTCTAC,AGAGTAGA,,qPCR only,CTCTCTACAGAGTAGA,,,,,,,0,0,8381739,0,8215061,mus musculus,10090,S0917,,,standard,,,from:300 to:1000,ERS351266,,Mus Musculus,0,,mRNAseq Nextera library made from G4 ES cell line from a male blastocyst from a C57BL%2F6Ncr male x 129S6%2FSvEvTac female,,1706432,,mES_ai2_s2_cell43,mES_ai2_s2_cell43,Mus_musculus (NCBIm37),,168,ERP003293,1,0,0,This study aims to investigate%0D%0A,2658,Single-cell analysis of the transcriptomic heterogeneity of ground state pluripotency,Mus_musculus (NCBIm37),0,Single-cell analysis of the transcriptomic heterogeneity of ground state pluripotency     ,43,
4,8215062,ERS351267,,CAGAGAGG,AGAGTAGA,,qPCR only,CAGAGAGGAGAGTAGA,,,,,,,0,0,8381739,0,8215062,mus musculus,10090,S0917,,,standard,,,from:300 to:1000,ERS351267,,Mus Musculus,0,,mRNAseq Nextera library made from G4 ES cell line from a male blastocyst from a C57BL%2F6Ncr male x 129S6%2FSvEvTac female,,1706433,,mES_ai2_s2_cell44,mES_ai2_s2_cell44,Mus_musculus (NCBIm37),,168,ERP003293,1,0,0,This study aims to investigate%0D%0A,2658,Single-cell analysis of the transcriptomic heterogeneity of ground state pluripotency,Mus_musculus (NCBIm37),0,Single-cell analysis of the transcriptomic heterogeneity of ground state pluripotency     ,44,
4,8215063,ERS351268,,GCTACGCT,AGAGTAGA,,qPCR only,GCTACGCTAGAGTAGA,,,,,,,0,0,8381739,0,8215063,mus musculus,10090,S0917,,,standard,,,from:300 to:1000,ERS351268,,Mus Musculus,0,,mRNAseq Nextera library made from G4 ES cell line from a male blastocyst from a C57BL%2F6Ncr male x 129S6%2FSvEvTac female,,1706434,,mES_ai2_s2_cell45,mES_ai2_s2_cell45,Mus_musculus (NCBIm37),,168,ERP003293,1,0,0,This study aims to investigate%0D%0A,2658,Single-cell analysis of the transcriptomic heterogeneity of ground state pluripotency,Mus_musculus (NCBIm37),0,Single-cell analysis of the transcriptomic heterogeneity of ground state pluripotency     ,45,
4,8215064,ERS351270,,CGAGGCTG,AGAGTAGA,,qPCR only,CGAGGCTGAGAGTAGA,,,,,,,0,0,8381739,0,8215064,mus musculus,10090,S0917,,,standard,,,from:300 to:1000,ERS351270,,Mus Musculus,0,,mRNAseq Nextera library made from G4 ES cell line from a male blastocyst from a C57BL%2F6Ncr male x 129S6%2FSvEvTac female,,1706435,,mES_ai2_s2_cell46,mES_ai2_s2_cell46,Mus_musculus (NCBIm37),,168,ERP003293,1,0,0,This study aims to investigate%0D%0A,2658,Single-cell analysis of the transcriptomic heterogeneity of ground state pluripotency,Mus_musculus (NCBIm37),0,Single-cell analysis of the transcriptomic heterogeneity of ground state pluripotency     ,46,
4,8215065,ERS351272,,AAGAGGCA,AGAGTAGA,,qPCR only,AAGAGGCAAGAGTAGA,,,,,,,0,0,8381739,0,8215065,mus musculus,10090,S0917,,,standard,,,from:300 to:1000,ERS351272,,Mus Musculus,0,,mRNAseq Nextera library made from G4 ES cell line from a male blastocyst from a C57BL%2F6Ncr male x 129S6%2FSvEvTac female,,1706436,,mES_ai2_s2_cell47,mES_ai2_s2_cell47,Mus_musculus (NCBIm37),,168,ERP003293,1,0,0,This study aims to investigate%0D%0A,2658,Single-cell analysis of the transcriptomic heterogeneity of ground state pluripotency,Mus_musculus (NCBIm37),0,Single-cell analysis of the transcriptomic heterogeneity of ground state pluripotency     ,47,
4,8215066,ERS351273,,GTAGAGGA,AGAGTAGA,,qPCR only,GTAGAGGAAGAGTAGA,,,,,,,0,0,8381739,0,8215066,mus musculus,10090,S0917,,,standard,,,from:300 to:1000,ERS351273,,Mus Musculus,0,,mRNAseq Nextera library made from G4 ES cell line from a male blastocyst from a C57BL%2F6Ncr male x 129S6%2FSvEvTac female,,1706437,,mES_ai2_s2_cell48,mES_ai2_s2_cell48,Mus_musculus (NCBIm37),,168,ERP003293,1,0,0,This study aims to investigate%0D%0A,2658,Single-cell analysis of the transcriptomic heterogeneity of ground state pluripotency,Mus_musculus (NCBIm37),0,Single-cell analysis of the transcriptomic heterogeneity of ground state pluripotency     ,48,
4,8215067,ERS351275,,TAAGGCGA,GTAAGGAG,,qPCR only,TAAGGCGAGTAAGGAG,,,,,,,0,0,8381739,0,8215067,mus musculus,10090,S0917,,,standard,,,from:300 to:1000,ERS351275,,Mus Musculus,0,,mRNAseq Nextera library made from G4 ES cell line from a male blastocyst from a C57BL%2F6Ncr male x 129S6%2FSvEvTac female,,1706438,,mES_ai2_s2_cell49,mES_ai2_s2_cell49,Mus_musculus (NCBIm37),,168,ERP003293,1,0,0,This study aims to investigate%0D%0A,2658,Single-cell analysis of the transcriptomic heterogeneity of ground state pluripotency,Mus_musculus (NCBIm37),0,Single-cell analysis of the transcriptomic heterogeneity of ground state pluripotency     ,49,
4,8215068,ERS351277,,CGTACTAG,GTAAGGAG,,qPCR only,CGTACTAGGTAAGGAG,,,,,,,0,0,8381739,0,8215068,mus musculus,10090,S0917,,,standard,,,from:300 to:1000,ERS351277,,Mus Musculus,0,,mRNAseq Nextera library made from G4 ES cell line from a male blastocyst from a C57BL%2F6Ncr male x 129S6%2FSvEvTac female,,1706439,,mES_ai2_s2_cell50,mES_ai2_s2_cell50,Mus_musculus (NCBIm37),,168,ERP003293,1,0,0,This study aims to investigate%0D%0A,2658,Single-cell analysis of the transcriptomic heterogeneity of ground state pluripotency,Mus_musculus (NCBIm37),0,Single-cell analysis of the transcriptomic heterogeneity of ground state pluripotency     ,50,
4,8215069,ERS351278,,AGGCAGAA,GTAAGGAG,,qPCR only,AGGCAGAAGTAAGGAG,,,,,,,0,0,8381739,0,8215069,mus musculus,10090,S0917,,,standard,,,from:300 to:1000,ERS351278,,Mus Musculus,0,,mRNAseq Nextera library made from G4 ES cell line from a male blastocyst from a C57BL%2F6Ncr male x 129S6%2FSvEvTac female,,1706440,,mES_ai2_s2_cell51,mES_ai2_s2_cell51,Mus_musculus (NCBIm37),,168,ERP003293,1,0,0,This study aims to investigate%0D%0A,2658,Single-cell analysis of the transcriptomic heterogeneity of ground state pluripotency,Mus_musculus (NCBIm37),0,Single-cell analysis of the transcriptomic heterogeneity of ground state pluripotency     ,51,
4,8215070,ERS351279,,TCCTGAGC,GTAAGGAG,,qPCR only,TCCTGAGCGTAAGGAG,,,,,,,0,0,8381739,0,8215070,mus musculus,10090,S0917,,,standard,,,from:300 to:1000,ERS351279,,Mus Musculus,0,,mRNAseq Nextera library made from G4 ES cell line from a male blastocyst from a C57BL%2F6Ncr male x 129S6%2FSvEvTac female,,1706441,,mES_ai2_s2_cell52,mES_ai2_s2_cell52,Mus_musculus (NCBIm37),,168,ERP003293,1,0,0,This study aims to investigate%0D%0A,2658,Single-cell analysis of the transcriptomic heterogeneity of ground state pluripotency,Mus_musculus (NCBIm37),0,Single-cell analysis of the transcriptomic heterogeneity of ground state pluripotency     ,52,
4,8215071,ERS351280,,GGACTCCT,GTAAGGAG,,qPCR only,GGACTCCTGTAAGGAG,,,,,,,0,0,8381739,0,8215071,mus musculus,10090,S0917,,,standard,,,from:300 to:1000,ERS351280,,Mus Musculus,0,,mRNAseq Nextera library made from G4 ES cell line from a male blastocyst from a C57BL%2F6Ncr male x 129S6%2FSvEvTac female,,1706442,,mES_ai2_s2_cell53,mES_ai2_s2_cell53,Mus_musculus (NCBIm37),,168,ERP003293,1,0,0,This study aims to investigate%0D%0A,2658,Single-cell analysis of the transcriptomic heterogeneity of ground state pluripotency,Mus_musculus (NCBIm37),0,Single-cell analysis of the transcriptomic heterogeneity of ground state pluripotency     ,53,
4,8215072,ERS351281,,TAGGCATG,GTAAGGAG,,qPCR only,TAGGCATGGTAAGGAG,,,,,,,0,0,8381739,0,8215072,mus musculus,10090,S0917,,,standard,,,from:300 to:1000,ERS351281,,Mus Musculus,0,,mRNAseq Nextera library made from G4 ES cell line from a male blastocyst from a C57BL%2F6Ncr male x 129S6%2FSvEvTac female,,1706443,,mES_ai2_s2_cell54,mES_ai2_s2_cell54,Mus_musculus (NCBIm37),,168,ERP003293,1,0,0,This study aims to investigate%0D%0A,2658,Single-cell analysis of the transcriptomic heterogeneity of ground state pluripotency,Mus_musculus (NCBIm37),0,Single-cell analysis of the transcriptomic heterogeneity of ground state pluripotency     ,54,
4,8215073,ERS351282,,CTCTCTAC,GTAAGGAG,,qPCR only,CTCTCTACGTAAGGAG,,,,,,,0,0,8381739,0,8215073,mus musculus,10090,S0917,,,standard,,,from:300 to:1000,ERS351282,,Mus Musculus,0,,mRNAseq Nextera library made from G4 ES cell line from a male blastocyst from a C57BL%2F6Ncr male x 129S6%2FSvEvTac female,,1706444,,mES_ai2_s2_cell55,mES_ai2_s2_cell55,Mus_musculus (NCBIm37),,168,ERP003293,1,0,0,This study aims to investigate%0D%0A,2658,Single-cell analysis of the transcriptomic heterogeneity of ground state pluripotency,Mus_musculus (NCBIm37),0,Single-cell analysis of the transcriptomic heterogeneity of ground state pluripotency     ,55,
4,8215074,ERS351274,,CAGAGAGG,GTAAGGAG,,qPCR only,CAGAGAGGGTAAGGAG,,,,,,,0,0,8381739,0,8215074,mus musculus,10090,S0917,,,standard,,,from:300 to:1000,ERS351274,,Mus Musculus,0,,mRNAseq Nextera library made from G4 ES cell line from a male blastocyst from a C57BL%2F6Ncr male x 129S6%2FSvEvTac female,,1706445,,mES_ai2_s2_cell56,mES_ai2_s2_cell56,Mus_musculus (NCBIm37),,168,ERP003293,1,0,0,This study aims to investigate%0D%0A,2658,Single-cell analysis of the transcriptomic heterogeneity of ground state pluripotency,Mus_musculus (NCBIm37),0,Single-cell analysis of the transcriptomic heterogeneity of ground state pluripotency     ,56,
4,8215075,ERS351276,,GCTACGCT,GTAAGGAG,,qPCR only,GCTACGCTGTAAGGAG,,,,,,,0,0,8381739,0,8215075,mus musculus,10090,S0917,,,standard,,,from:300 to:1000,ERS351276,,Mus Musculus,0,,mRNAseq Nextera library made from G4 ES cell line from a male blastocyst from a C57BL%2F6Ncr male x 129S6%2FSvEvTac female,,1706446,,mES_ai2_s2_cell57,mES_ai2_s2_cell57,Mus_musculus (NCBIm37),,168,ERP003293,1,0,0,This study aims to investigate%0D%0A,2658,Single-cell analysis of the transcriptomic heterogeneity of ground state pluripotency,Mus_musculus (NCBIm37),0,Single-cell analysis of the transcriptomic heterogeneity of ground state pluripotency     ,57,
4,8215076,ERS351285,,CGAGGCTG,GTAAGGAG,,qPCR only,CGAGGCTGGTAAGGAG,,,,,,,0,0,8381739,0,8215076,mus musculus,10090,S0917,,,standard,,,from:300 to:1000,ERS351285,,Mus Musculus,0,,mRNAseq Nextera library made from G4 ES cell line from a male blastocyst from a C57BL%2F6Ncr male x 129S6%2FSvEvTac female,,1706447,,mES_ai2_s2_cell58,mES_ai2_s2_cell58,Mus_musculus (NCBIm37),,168,ERP003293,1,0,0,This study aims to investigate%0D%0A,2658,Single-cell analysis of the transcriptomic heterogeneity of ground state pluripotency,Mus_musculus (NCBIm37),0,Single-cell analysis of the transcriptomic heterogeneity of ground state pluripotency     ,58,
4,8215077,ERS351286,,AAGAGGCA,GTAAGGAG,,qPCR only,AAGAGGCAGTAAGGAG,,,,,,,0,0,8381739,0,8215077,mus musculus,10090,S0917,,,standard,,,from:300 to:1000,ERS351286,,Mus Musculus,0,,mRNAseq Nextera library made from G4 ES cell line from a male blastocyst from a C57BL%2F6Ncr male x 129S6%2FSvEvTac female,,1706448,,mES_ai2_s2_cell59,mES_ai2_s2_cell59,Mus_musculus (NCBIm37),,168,ERP003293,1,0,0,This study aims to investigate%0D%0A,2658,Single-cell analysis of the transcriptomic heterogeneity of ground state pluripotency,Mus_musculus (NCBIm37),0,Single-cell analysis of the transcriptomic heterogeneity of ground state pluripotency     ,59,
4,8215078,ERS351287,,GTAGAGGA,GTAAGGAG,,qPCR only,GTAGAGGAGTAAGGAG,,,,,,,0,0,8381739,0,8215078,mus musculus,10090,S0917,,,standard,,,from:300 to:1000,ERS351287,,Mus Musculus,0,,mRNAseq Nextera library made from G4 ES cell line from a male blastocyst from a C57BL%2F6Ncr male x 129S6%2FSvEvTac female,,1706449,,mES_ai2_s2_cell60,mES_ai2_s2_cell60,Mus_musculus (NCBIm37),,168,ERP003293,1,0,0,This study aims to investigate%0D%0A,2658,Single-cell analysis of the transcriptomic heterogeneity of ground state pluripotency,Mus_musculus (NCBIm37),0,Single-cell analysis of the transcriptomic heterogeneity of ground state pluripotency     ,60,
4,8215079,ERS351288,,TAAGGCGA,ACTGCATA,,qPCR only,TAAGGCGAACTGCATA,,,,,,,0,0,8381739,0,8215079,mus musculus,10090,S0917,,,standard,,,from:300 to:1000,ERS351288,,Mus Musculus,0,,mRNAseq Nextera library made from G4 ES cell line from a male blastocyst from a C57BL%2F6Ncr male x 129S6%2FSvEvTac female,,1706450,,mES_ai2_s2_cell61,mES_ai2_s2_cell61,Mus_musculus (NCBIm37),,168,ERP003293,1,0,0,This study aims to investigate%0D%0A,2658,Single-cell analysis of the transcriptomic heterogeneity of ground state pluripotency,Mus_musculus (NCBIm37),0,Single-cell analysis of the transcriptomic heterogeneity of ground state pluripotency     ,61,
4,8215080,ERS351289,,CGTACTAG,ACTGCATA,,qPCR only,CGTACTAGACTGCATA,,,,,,,0,0,8381739,0,8215080,mus musculus,10090,S0917,,,standard,,,from:300 to:1000,ERS351289,,Mus Musculus,0,,mRNAseq Nextera library made from G4 ES cell line from a male blastocyst from a C57BL%2F6Ncr male x 129S6%2FSvEvTac female,,1706451,,mES_ai2_s2_cell62,mES_ai2_s2_cell62,Mus_musculus (NCBIm37),,168,ERP003293,1,0,0,This study aims to investigate%0D%0A,2658,Single-cell analysis of the transcriptomic heterogeneity of ground state pluripotency,Mus_musculus (NCBIm37),0,Single-cell analysis of the transcriptomic heterogeneity of ground state pluripotency     ,62,
4,8215081,ERS351290,,AGGCAGAA,ACTGCATA,,qPCR only,AGGCAGAAACTGCATA,,,,,,,0,0,8381739,0,8215081,mus musculus,10090,S0917,,,standard,,,from:300 to:1000,ERS351290,,Mus Musculus,0,,mRNAseq Nextera library made from G4 ES cell line from a male blastocyst from a C57BL%2F6Ncr male x 129S6%2FSvEvTac female,,1706452,,mES_ai2_s2_cell63,mES_ai2_s2_cell63,Mus_musculus (NCBIm37),,168,ERP003293,1,0,0,This study aims to investigate%0D%0A,2658,Single-cell analysis of the transcriptomic heterogeneity of ground state pluripotency,Mus_musculus (NCBIm37),0,Single-cell analysis of the transcriptomic heterogeneity of ground state pluripotency     ,63,
4,8215082,ERS351283,,TCCTGAGC,ACTGCATA,,qPCR only,TCCTGAGCACTGCATA,,,,,,,0,0,8381739,0,8215082,mus musculus,10090,S0917,,,standard,,,from:300 to:1000,ERS351283,,Mus Musculus,0,,mRNAseq Nextera library made from G4 ES cell line from a male blastocyst from a C57BL%2F6Ncr male x 129S6%2FSvEvTac female,,1706453,,mES_ai2_s2_cell64,mES_ai2_s2_cell64,Mus_musculus (NCBIm37),,168,ERP003293,1,0,0,This study aims to investigate%0D%0A,2658,Single-cell analysis of the transcriptomic heterogeneity of ground state pluripotency,Mus_musculus (NCBIm37),0,Single-cell analysis of the transcriptomic heterogeneity of ground state pluripotency     ,64,
4,8215083,ERS351284,,GGACTCCT,ACTGCATA,,qPCR only,GGACTCCTACTGCATA,,,,,,,0,0,8381739,0,8215083,mus musculus,10090,S0917,,,standard,,,from:300 to:1000,ERS351284,,Mus Musculus,0,,mRNAseq Nextera library made from G4 ES cell line from a male blastocyst from a C57BL%2F6Ncr male x 129S6%2FSvEvTac female,,1706454,,mES_ai2_s2_cell65,mES_ai2_s2_cell65,Mus_musculus (NCBIm37),,168,ERP003293,1,0,0,This study aims to investigate%0D%0A,2658,Single-cell analysis of the transcriptomic heterogeneity of ground state pluripotency,Mus_musculus (NCBIm37),0,Single-cell analysis of the transcriptomic heterogeneity of ground state pluripotency     ,65,
4,8215084,ERS351292,,TAGGCATG,ACTGCATA,,qPCR only,TAGGCATGACTGCATA,,,,,,,0,0,8381739,0,8215084,mus musculus,10090,S0917,,,standard,,,from:300 to:1000,ERS351292,,Mus Musculus,0,,mRNAseq Nextera library made from G4 ES cell line from a male blastocyst from a C57BL%2F6Ncr male x 129S6%2FSvEvTac female,,1706455,,mES_ai2_s2_cell66,mES_ai2_s2_cell66,Mus_musculus (NCBIm37),,168,ERP003293,1,0,0,This study aims to investigate%0D%0A,2658,Single-cell analysis of the transcriptomic heterogeneity of ground state pluripotency,Mus_musculus (NCBIm37),0,Single-cell analysis of the transcriptomic heterogeneity of ground state pluripotency     ,66,
4,8215085,ERS351293,,CTCTCTAC,ACTGCATA,,qPCR only,CTCTCTACACTGCATA,,,,,,,0,0,8381739,0,8215085,mus musculus,10090,S0917,,,standard,,,from:300 to:1000,ERS351293,,Mus Musculus,0,,mRNAseq Nextera library made from G4 ES cell line from a male blastocyst from a C57BL%2F6Ncr male x 129S6%2FSvEvTac female,,1706456,,mES_ai2_s2_cell67,mES_ai2_s2_cell67,Mus_musculus (NCBIm37),,168,ERP003293,1,0,0,This study aims to investigate%0D%0A,2658,Single-cell analysis of the transcriptomic heterogeneity of ground state pluripotency,Mus_musculus (NCBIm37),0,Single-cell analysis of the transcriptomic heterogeneity of ground state pluripotency     ,67,
4,8215086,ERS351294,,CAGAGAGG,ACTGCATA,,qPCR only,CAGAGAGGACTGCATA,,,,,,,0,0,8381739,0,8215086,mus musculus,10090,S0917,,,standard,,,from:300 to:1000,ERS351294,,Mus Musculus,0,,mRNAseq Nextera library made from G4 ES cell line from a male blastocyst from a C57BL%2F6Ncr male x 129S6%2FSvEvTac female,,1706457,,mES_ai2_s2_cell68,mES_ai2_s2_cell68,Mus_musculus (NCBIm37),,168,ERP003293,1,0,0,This study aims to investigate%0D%0A,2658,Single-cell analysis of the transcriptomic heterogeneity of ground state pluripotency,Mus_musculus (NCBIm37),0,Single-cell analysis of the transcriptomic heterogeneity of ground state pluripotency     ,68,
4,8215087,ERS351295,,GCTACGCT,ACTGCATA,,qPCR only,GCTACGCTACTGCATA,,,,,,,0,0,8381739,0,8215087,mus musculus,10090,S0917,,,standard,,,from:300 to:1000,ERS351295,,Mus Musculus,0,,mRNAseq Nextera library made from G4 ES cell line from a male blastocyst from a C57BL%2F6Ncr male x 129S6%2FSvEvTac female,,1706458,,mES_ai2_s2_cell69,mES_ai2_s2_cell69,Mus_musculus (NCBIm37),,168,ERP003293,1,0,0,This study aims to investigate%0D%0A,2658,Single-cell analysis of the transcriptomic heterogeneity of ground state pluripotency,Mus_musculus (NCBIm37),0,Single-cell analysis of the transcriptomic heterogeneity of ground state pluripotency     ,69,
4,8215088,ERS351296,,CGAGGCTG,ACTGCATA,,qPCR only,CGAGGCTGACTGCATA,,,,,,,0,0,8381739,0,8215088,mus musculus,10090,S0917,,,standard,,,from:300 to:1000,ERS351296,,Mus Musculus,0,,mRNAseq Nextera library made from G4 ES cell line from a male blastocyst from a C57BL%2F6Ncr male x 129S6%2FSvEvTac female,,1706459,,mES_ai2_s2_cell70,mES_ai2_s2_cell70,Mus_musculus (NCBIm37),,168,ERP003293,1,0,0,This study aims to investigate%0D%0A,2658,Single-cell analysis of the transcriptomic heterogeneity of ground state pluripotency,Mus_musculus (NCBIm37),0,Single-cell analysis of the transcriptomic heterogeneity of ground state pluripotency     ,70,
4,8215089,ERS351297,,AAGAGGCA,ACTGCATA,,qPCR only,AAGAGGCAACTGCATA,,,,,,,0,0,8381739,0,8215089,mus musculus,10090,S0917,,,standard,,,from:300 to:1000,ERS351297,,Mus Musculus,0,,mRNAseq Nextera library made from G4 ES cell line from a male blastocyst from a C57BL%2F6Ncr male x 129S6%2FSvEvTac female,,1706460,,mES_ai2_s2_cell71,mES_ai2_s2_cell71,Mus_musculus (NCBIm37),,168,ERP003293,1,0,0,This study aims to investigate%0D%0A,2658,Single-cell analysis of the transcriptomic heterogeneity of ground state pluripotency,Mus_musculus (NCBIm37),0,Single-cell analysis of the transcriptomic heterogeneity of ground state pluripotency     ,71,
4,8215090,ERS351291,,GTAGAGGA,ACTGCATA,,qPCR only,GTAGAGGAACTGCATA,,,,,,,0,0,8381739,0,8215090,mus musculus,10090,S0917,,,standard,,,from:300 to:1000,ERS351291,,Mus Musculus,0,,mRNAseq Nextera library made from G4 ES cell line from a male blastocyst from a C57BL%2F6Ncr male x 129S6%2FSvEvTac female,,1706461,,mES_ai2_s2_cell72,mES_ai2_s2_cell72,Mus_musculus (NCBIm37),,168,ERP003293,1,0,0,This study aims to investigate%0D%0A,2658,Single-cell analysis of the transcriptomic heterogeneity of ground state pluripotency,Mus_musculus (NCBIm37),0,Single-cell analysis of the transcriptomic heterogeneity of ground state pluripotency     ,72,
4,8215091,ERS351299,,TAAGGCGA,AAGGAGTA,,qPCR only,TAAGGCGAAAGGAGTA,,,,,,,0,0,8381739,0,8215091,mus musculus,10090,S0917,,,standard,,,from:300 to:1000,ERS351299,,Mus Musculus,0,,mRNAseq Nextera library made from G4 ES cell line from a male blastocyst from a C57BL%2F6Ncr male x 129S6%2FSvEvTac female,,1706462,,mES_ai2_s2_cell73,mES_ai2_s2_cell73,Mus_musculus (NCBIm37),,168,ERP003293,1,0,0,This study aims to investigate%0D%0A,2658,Single-cell analysis of the transcriptomic heterogeneity of ground state pluripotency,Mus_musculus (NCBIm37),0,Single-cell analysis of the transcriptomic heterogeneity of ground state pluripotency     ,73,
4,8215092,ERS351301,,CGTACTAG,AAGGAGTA,,qPCR only,CGTACTAGAAGGAGTA,,,,,,,0,0,8381739,0,8215092,mus musculus,10090,S0917,,,standard,,,from:300 to:1000,ERS351301,,Mus Musculus,0,,mRNAseq Nextera library made from G4 ES cell line from a male blastocyst from a C57BL%2F6Ncr male x 129S6%2FSvEvTac female,,1706463,,mES_ai2_s2_cell74,mES_ai2_s2_cell74,Mus_musculus (NCBIm37),,168,ERP003293,1,0,0,This study aims to investigate%0D%0A,2658,Single-cell analysis of the transcriptomic heterogeneity of ground state pluripotency,Mus_musculus (NCBIm37),0,Single-cell analysis of the transcriptomic heterogeneity of ground state pluripotency     ,74,
4,8215093,ERS351302,,AGGCAGAA,AAGGAGTA,,qPCR only,AGGCAGAAAAGGAGTA,,,,,,,0,0,8381739,0,8215093,mus musculus,10090,S0917,,,standard,,,from:300 to:1000,ERS351302,,Mus Musculus,0,,mRNAseq Nextera library made from G4 ES cell line from a male blastocyst from a C57BL%2F6Ncr male x 129S6%2FSvEvTac female,,1706464,,mES_ai2_s2_cell75,mES_ai2_s2_cell75,Mus_musculus (NCBIm37),,168,ERP003293,1,0,0,This study aims to investigate%0D%0A,2658,Single-cell analysis of the transcriptomic heterogeneity of ground state pluripotency,Mus_musculus (NCBIm37),0,Single-cell analysis of the transcriptomic heterogeneity of ground state pluripotency     ,75,
4,8215094,ERS351303,,TCCTGAGC,AAGGAGTA,,qPCR only,TCCTGAGCAAGGAGTA,,,,,,,0,0,8381739,0,8215094,mus musculus,10090,S0917,,,standard,,,from:300 to:1000,ERS351303,,Mus Musculus,0,,mRNAseq Nextera library made from G4 ES cell line from a male blastocyst from a C57BL%2F6Ncr male x 129S6%2FSvEvTac female,,1706465,,mES_ai2_s2_cell76,mES_ai2_s2_cell76,Mus_musculus (NCBIm37),,168,ERP003293,1,0,0,This study aims to investigate%0D%0A,2658,Single-cell analysis of the transcriptomic heterogeneity of ground state pluripotency,Mus_musculus (NCBIm37),0,Single-cell analysis of the transcriptomic heterogeneity of ground state pluripotency     ,76,
4,8215095,ERS351304,,GGACTCCT,AAGGAGTA,,qPCR only,GGACTCCTAAGGAGTA,,,,,,,0,0,8381739,0,8215095,mus musculus,10090,S0917,,,standard,,,from:300 to:1000,ERS351304,,Mus Musculus,0,,mRNAseq Nextera library made from G4 ES cell line from a male blastocyst from a C57BL%2F6Ncr male x 129S6%2FSvEvTac female,,1706466,,mES_ai2_s2_cell77,mES_ai2_s2_cell77,Mus_musculus (NCBIm37),,168,ERP003293,1,0,0,This study aims to investigate%0D%0A,2658,Single-cell analysis of the transcriptomic heterogeneity of ground state pluripotency,Mus_musculus (NCBIm37),0,Single-cell analysis of the transcriptomic heterogeneity of ground state pluripotency     ,77,
4,8215096,ERS351305,,TAGGCATG,AAGGAGTA,,qPCR only,TAGGCATGAAGGAGTA,,,,,,,0,0,8381739,0,8215096,mus musculus,10090,S0917,,,standard,,,from:300 to:1000,ERS351305,,Mus Musculus,0,,mRNAseq Nextera library made from G4 ES cell line from a male blastocyst from a C57BL%2F6Ncr male x 129S6%2FSvEvTac female,,1706467,,mES_ai2_s2_cell78,mES_ai2_s2_cell78,Mus_musculus (NCBIm37),,168,ERP003293,1,0,0,This study aims to investigate%0D%0A,2658,Single-cell analysis of the transcriptomic heterogeneity of ground state pluripotency,Mus_musculus (NCBIm37),0,Single-cell analysis of the transcriptomic heterogeneity of ground state pluripotency     ,78,
4,8215097,ERS351306,,CTCTCTAC,AAGGAGTA,,qPCR only,CTCTCTACAAGGAGTA,,,,,,,0,0,8381739,0,8215097,mus musculus,10090,S0917,,,standard,,,from:300 to:1000,ERS351306,,Mus Musculus,0,,mRNAseq Nextera library made from G4 ES cell line from a male blastocyst from a C57BL%2F6Ncr male x 129S6%2FSvEvTac female,,1706468,,mES_ai2_s2_cell79,mES_ai2_s2_cell79,Mus_musculus (NCBIm37),,168,ERP003293,1,0,0,This study aims to investigate%0D%0A,2658,Single-cell analysis of the transcriptomic heterogeneity of ground state pluripotency,Mus_musculus (NCBIm37),0,Single-cell analysis of the transcriptomic heterogeneity of ground state pluripotency     ,79,
4,8215098,ERS351298,,CAGAGAGG,AAGGAGTA,,qPCR only,CAGAGAGGAAGGAGTA,,,,,,,0,0,8381739,0,8215098,mus musculus,10090,S0917,,,standard,,,from:300 to:1000,ERS351298,,Mus Musculus,0,,mRNAseq Nextera library made from G4 ES cell line from a male blastocyst from a C57BL%2F6Ncr male x 129S6%2FSvEvTac female,,1706469,,mES_ai2_s2_cell80,mES_ai2_s2_cell80,Mus_musculus (NCBIm37),,168,ERP003293,1,0,0,This study aims to investigate%0D%0A,2658,Single-cell analysis of the transcriptomic heterogeneity of ground state pluripotency,Mus_musculus (NCBIm37),0,Single-cell analysis of the transcriptomic heterogeneity of ground state pluripotency     ,80,
4,8215099,ERS351300,,GCTACGCT,AAGGAGTA,,qPCR only,GCTACGCTAAGGAGTA,,,,,,,0,0,8381739,0,8215099,mus musculus,10090,S0917,,,standard,,,from:300 to:1000,ERS351300,,Mus Musculus,0,,mRNAseq Nextera library made from G4 ES cell line from a male blastocyst from a C57BL%2F6Ncr male x 129S6%2FSvEvTac female,,1706470,,mES_ai2_s2_cell81,mES_ai2_s2_cell81,Mus_musculus (NCBIm37),,168,ERP003293,1,0,0,This study aims to investigate%0D%0A,2658,Single-cell analysis of the transcriptomic heterogeneity of ground state pluripotency,Mus_musculus (NCBIm37),0,Single-cell analysis of the transcriptomic heterogeneity of ground state pluripotency     ,81,
4,8215100,ERS351309,,CGAGGCTG,AAGGAGTA,,qPCR only,CGAGGCTGAAGGAGTA,,,,,,,0,0,8381739,0,8215100,mus musculus,10090,S0917,,,standard,,,from:300 to:1000,ERS351309,,Mus Musculus,0,,mRNAseq Nextera library made from G4 ES cell line from a male blastocyst from a C57BL%2F6Ncr male x 129S6%2FSvEvTac female,,1706471,,mES_ai2_s2_cell82,mES_ai2_s2_cell82,Mus_musculus (NCBIm37),,168,ERP003293,1,0,0,This study aims to investigate%0D%0A,2658,Single-cell analysis of the transcriptomic heterogeneity of ground state pluripotency,Mus_musculus (NCBIm37),0,Single-cell analysis of the transcriptomic heterogeneity of ground state pluripotency     ,82,
4,8215101,ERS351310,,AAGAGGCA,AAGGAGTA,,qPCR only,AAGAGGCAAAGGAGTA,,,,,,,0,0,8381739,0,8215101,mus musculus,10090,S0917,,,standard,,,from:300 to:1000,ERS351310,,Mus Musculus,0,,mRNAseq Nextera library made from G4 ES cell line from a male blastocyst from a C57BL%2F6Ncr male x 129S6%2FSvEvTac female,,1706472,,mES_ai2_s2_cell83,mES_ai2_s2_cell83,Mus_musculus (NCBIm37),,168,ERP003293,1,0,0,This study aims to investigate%0D%0A,2658,Single-cell analysis of the transcriptomic heterogeneity of ground state pluripotency,Mus_musculus (NCBIm37),0,Single-cell analysis of the transcriptomic heterogeneity of ground state pluripotency     ,83,
4,8215102,ERS351311,,GTAGAGGA,AAGGAGTA,,qPCR only,GTAGAGGAAAGGAGTA,,,,,,,0,0,8381739,0,8215102,mus musculus,10090,S0917,,,standard,,,from:300 to:1000,ERS351311,,Mus Musculus,0,,mRNAseq Nextera library made from G4 ES cell line from a male blastocyst from a C57BL%2F6Ncr male x 129S6%2FSvEvTac female,,1706473,,mES_ai2_s2_cell84,mES_ai2_s2_cell84,Mus_musculus (NCBIm37),,168,ERP003293,1,0,0,This study aims to investigate%0D%0A,2658,Single-cell analysis of the transcriptomic heterogeneity of ground state pluripotency,Mus_musculus (NCBIm37),0,Single-cell analysis of the transcriptomic heterogeneity of ground state pluripotency     ,84,
4,8215103,ERS351312,,TAAGGCGA,CTAAGCCT,,qPCR only,TAAGGCGACTAAGCCT,,,,,,,0,0,8381739,0,8215103,mus musculus,10090,S0917,,,standard,,,from:300 to:1000,ERS351312,,Mus Musculus,0,,mRNAseq Nextera library made from G4 ES cell line from a male blastocyst from a C57BL%2F6Ncr male x 129S6%2FSvEvTac female,,1706474,,mES_ai2_s2_cell85,mES_ai2_s2_cell85,Mus_musculus (NCBIm37),,168,ERP003293,1,0,0,This study aims to investigate%0D%0A,2658,Single-cell analysis of the transcriptomic heterogeneity of ground state pluripotency,Mus_musculus (NCBIm37),0,Single-cell analysis of the transcriptomic heterogeneity of ground state pluripotency     ,85,
4,8215104,ERS351313,,CGTACTAG,CTAAGCCT,,qPCR only,CGTACTAGCTAAGCCT,,,,,,,0,0,8381739,0,8215104,mus musculus,10090,S0917,,,standard,,,from:300 to:1000,ERS351313,,Mus Musculus,0,,mRNAseq Nextera library made from G4 ES cell line from a male blastocyst from a C57BL%2F6Ncr male x 129S6%2FSvEvTac female,,1706475,,mES_ai2_s2_cell86,mES_ai2_s2_cell86,Mus_musculus (NCBIm37),,168,ERP003293,1,0,0,This study aims to investigate%0D%0A,2658,Single-cell analysis of the transcriptomic heterogeneity of ground state pluripotency,Mus_musculus (NCBIm37),0,Single-cell analysis of the transcriptomic heterogeneity of ground state pluripotency     ,86,
4,8215105,ERS351314,,AGGCAGAA,CTAAGCCT,,qPCR only,AGGCAGAACTAAGCCT,,,,,,,0,0,8381739,0,8215105,mus musculus,10090,S0917,,,standard,,,from:300 to:1000,ERS351314,,Mus Musculus,0,,mRNAseq Nextera library made from G4 ES cell line from a male blastocyst from a C57BL%2F6Ncr male x 129S6%2FSvEvTac female,,1706476,,mES_ai2_s2_cell87,mES_ai2_s2_cell87,Mus_musculus (NCBIm37),,168,ERP003293,1,0,0,This study aims to investigate%0D%0A,2658,Single-cell analysis of the transcriptomic heterogeneity of ground state pluripotency,Mus_musculus (NCBIm37),0,Single-cell analysis of the transcriptomic heterogeneity of ground state pluripotency     ,87,
4,8215106,ERS351307,,TCCTGAGC,CTAAGCCT,,qPCR only,TCCTGAGCCTAAGCCT,,,,,,,0,0,8381739,0,8215106,mus musculus,10090,S0917,,,standard,,,from:300 to:1000,ERS351307,,Mus Musculus,0,,mRNAseq Nextera library made from G4 ES cell line from a male blastocyst from a C57BL%2F6Ncr male x 129S6%2FSvEvTac female,,1706477,,mES_ai2_s2_cell88,mES_ai2_s2_cell88,Mus_musculus (NCBIm37),,168,ERP003293,1,0,0,This study aims to investigate%0D%0A,2658,Single-cell analysis of the transcriptomic heterogeneity of ground state pluripotency,Mus_musculus (NCBIm37),0,Single-cell analysis of the transcriptomic heterogeneity of ground state pluripotency     ,88,
4,8215107,ERS351308,,GGACTCCT,CTAAGCCT,,qPCR only,GGACTCCTCTAAGCCT,,,,,,,0,0,8381739,0,8215107,mus musculus,10090,S0917,,,standard,,,from:300 to:1000,ERS351308,,Mus Musculus,0,,mRNAseq Nextera library made from G4 ES cell line from a male blastocyst from a C57BL%2F6Ncr male x 129S6%2FSvEvTac female,,1706478,,mES_ai2_s2_cell89,mES_ai2_s2_cell89,Mus_musculus (NCBIm37),,168,ERP003293,1,0,0,This study aims to investigate%0D%0A,2658,Single-cell analysis of the transcriptomic heterogeneity of ground state pluripotency,Mus_musculus (NCBIm37),0,Single-cell analysis of the transcriptomic heterogeneity of ground state pluripotency     ,89,
4,8215108,ERS351315,,TAGGCATG,CTAAGCCT,,qPCR only,TAGGCATGCTAAGCCT,,,,,,,0,0,8381739,0,8215108,mus musculus,10090,S0917,,,standard,,,from:300 to:1000,ERS351315,,Mus Musculus,0,,mRNAseq Nextera library made from G4 ES cell line from a male blastocyst from a C57BL%2F6Ncr male x 129S6%2FSvEvTac female,,1706479,,mES_ai2_s2_cell90,mES_ai2_s2_cell90,Mus_musculus (NCBIm37),,168,ERP003293,1,0,0,This study aims to investigate%0D%0A,2658,Single-cell analysis of the transcriptomic heterogeneity of ground state pluripotency,Mus_musculus (NCBIm37),0,Single-cell analysis of the transcriptomic heterogeneity of ground state pluripotency     ,90,
4,8215109,ERS351316,,CTCTCTAC,CTAAGCCT,,qPCR only,CTCTCTACCTAAGCCT,,,,,,,0,0,8381739,0,8215109,mus musculus,10090,S0917,,,standard,,,from:300 to:1000,ERS351316,,Mus Musculus,0,,mRNAseq Nextera library made from G4 ES cell line from a male blastocyst from a C57BL%2F6Ncr male x 129S6%2FSvEvTac female,,1706480,,mES_ai2_s2_cell91,mES_ai2_s2_cell91,Mus_musculus (NCBIm37),,168,ERP003293,1,0,0,This study aims to investigate%0D%0A,2658,Single-cell analysis of the transcriptomic heterogeneity of ground state pluripotency,Mus_musculus (NCBIm37),0,Single-cell analysis of the transcriptomic heterogeneity of ground state pluripotency     ,91,
4,8215110,ERS351317,,CAGAGAGG,CTAAGCCT,,qPCR only,CAGAGAGGCTAAGCCT,,,,,,,0,0,8381739,0,8215110,mus musculus,10090,S0917,,,standard,,,from:300 to:1000,ERS351317,,Mus Musculus,0,,mRNAseq Nextera library made from G4 ES cell line from a male blastocyst from a C57BL%2F6Ncr male x 129S6%2FSvEvTac female,,1706481,,mES_ai2_s2_cell92,mES_ai2_s2_cell92,Mus_musculus (NCBIm37),,168,ERP003293,1,0,0,This study aims to investigate%0D%0A,2658,Single-cell analysis of the transcriptomic heterogeneity of ground state pluripotency,Mus_musculus (NCBIm37),0,Single-cell analysis of the transcriptomic heterogeneity of ground state pluripotency     ,92,
4,8215111,ERS351318,,GCTACGCT,CTAAGCCT,,qPCR only,GCTACGCTCTAAGCCT,,,,,,,0,0,8381739,0,8215111,mus musculus,10090,S0917,,,standard,,,from:300 to:1000,ERS351318,,Mus Musculus,0,,mRNAseq Nextera library made from G4 ES cell line from a male blastocyst from a C57BL%2F6Ncr male x 129S6%2FSvEvTac female,,1706482,,mES_ai2_s2_cell93,mES_ai2_s2_cell93,Mus_musculus (NCBIm37),,168,ERP003293,1,0,0,This study aims to investigate%0D%0A,2658,Single-cell analysis of the transcriptomic heterogeneity of ground state pluripotency,Mus_musculus (NCBIm37),0,Single-cell analysis of the transcriptomic heterogeneity of ground state pluripotency     ,93,
4,8215112,ERS351319,,CGAGGCTG,CTAAGCCT,,qPCR only,CGAGGCTGCTAAGCCT,,,,,,,0,0,8381739,0,8215112,mus musculus,10090,S0917,,,standard,,,from:300 to:1000,ERS351319,,Mus Musculus,0,,mRNAseq Nextera library made from G4 ES cell line from a male blastocyst from a C57BL%2F6Ncr male x 129S6%2FSvEvTac female,,1706483,,mES_ai2_s2_cell94,mES_ai2_s2_cell94,Mus_musculus (NCBIm37),,168,ERP003293,1,0,0,This study aims to investigate%0D%0A,2658,Single-cell analysis of the transcriptomic heterogeneity of ground state pluripotency,Mus_musculus (NCBIm37),0,Single-cell analysis of the transcriptomic heterogeneity of ground state pluripotency     ,94,
4,8215113,ERS351320,,AAGAGGCA,CTAAGCCT,,qPCR only,AAGAGGCACTAAGCCT,,,,,,,0,0,8381739,0,8215113,mus musculus,10090,S0917,,,standard,,,from:300 to:1000,ERS351320,,Mus Musculus,0,,mRNAseq Nextera library made from G4 ES cell line from a male blastocyst from a C57BL%2F6Ncr male x 129S6%2FSvEvTac female,,1706484,,mES_ai2_s2_cell95,mES_ai2_s2_cell95,Mus_musculus (NCBIm37),,168,ERP003293,1,0,0,This study aims to investigate%0D%0A,2658,Single-cell analysis of the transcriptomic heterogeneity of ground state pluripotency,Mus_musculus (NCBIm37),0,Single-cell analysis of the transcriptomic heterogeneity of ground state pluripotency     ,95,
4,8215114,ERS351321,,GTAGAGGA,CTAAGCCT,,qPCR only,GTAGAGGACTAAGCCT,,,,,,,0,0,8381739,0,8215114,mus musculus,10090,S0917,,,standard,,,from:300 to:1000,ERS351321,,Mus Musculus,0,,mRNAseq Nextera library made from G4 ES cell line from a male blastocyst from a C57BL%2F6Ncr male x 129S6%2FSvEvTac female,,1706485,,mES_ai2_s2_cell96,mES_ai2_s2_cell96,Mus_musculus (NCBIm37),,168,ERP003293,1,0,0,This study aims to investigate%0D%0A,2658,Single-cell analysis of the transcriptomic heterogeneity of ground state pluripotency,Mus_musculus (NCBIm37),0,Single-cell analysis of the transcriptomic heterogeneity of ground state pluripotency     ,96,
4,6200285,6946_4_ACAACGCAAT,,ACAACGCAAT,,,,ACAACGCAAT,,,,,,,1,0,8381739,0,6200285,,,,,,standard,,,,,,,,,,,,,,,,,168,,1,0,0,None,198,Illumina Controls, ,0,,168,
5,8269740,EGAN00001173643,,,,,No PCR,,,,,,,,0,0,8381740,0,8269740,Human,9606,S0814,,,standard,,,from:300 to:500,EGAN00001173643,,Homo sapiens,0,,,PD14393b,1712041,,PD14393b_wg,PD14393b,,,168,EGAS00001000290,1,0,0,Wholegenome libraries will be prepared.,2239,MPN Whole Genomes,Homo_sapiens (CGP_GRCh37.NCBI.allchr_MT),0,Myeloproliferative Disease Whole Genomes,,
6,8324592,ERS354532,,GAGATTCC,TAATCTTA,,Pre-quality controlled,GAGATTCCTAATCTTA,,,,,,,0,0,8381741,0,8324592,Mouse,10090,S1553,,,standard,,,from:100 to:1000,ERS354532,,Mus musculus,0,,RNA,,1694494,,T_BCM1_F4,RT_37,,,168,ERP002223,1,0,0,In order to examine the impact of genetic variation on epigenetic marking and control of gene expression.,2501,Mouse model to quantify genotype-epigenotype variations_RNA,Mus_musculus (GRCm38),0,Mouse model to quantify genotype-epigenotype variations     ,64,
6,8324593,ERS354533,,ATTCAGAA,TAATCTTA,,Pre-quality controlled,ATTCAGAATAATCTTA,,,,,,,0,0,8381741,0,8324593,Mouse,10090,S1553,,,standard,,,from:100 to:1000,ERS354533,,Mus musculus,0,,RNA,,1694495,,T_BCM1_F5,RT_38,,,168,ERP002223,1,0,0,In order to examine the impact of genetic variation on epigenetic marking and control of gene expression.,2501,Mouse model to quantify genotype-epigenotype variations_RNA,Mus_musculus (GRCm38),0,Mouse model to quantify genotype-epigenotype variations     ,65,
6,6200285,6946_6_ACAACGCAAT,,ACAACGCAAT,,,,ACAACGCAAT,,,,,,,1,0,8381741,0,6200285,,,,,,standard,,,,,,,,,,,,,,,,,168,,1,0,0,None,198,Illumina Controls, ,0,,168,
7,8324594,ERS354534,,GAGATTCC,CAGGACGT,,Pre-quality controlled,GAGATTCCCAGGACGT,,,,,,,0,0,8381742,0,8324594,Mouse,10090,S1553,,,standard,,,from:100 to:1000,ERS354534,,Mus musculus,0,,RNA,,1694496,,T_CBF1_G4,RT_39,,,168,ERP002223,1,0,0,In order to examine the impact of genetic variation on epigenetic marking and control of gene expression.,2501,Mouse model to quantify genotype-epigenotype variations_RNA,Mus_musculus (GRCm38),0,Mouse model to quantify genotype-epigenotype variations     ,76,
7,8324595,ERS354535,,ATTCAGAA,CAGGACGT,,Pre-quality controlled,ATTCAGAACAGGACGT,,,,,,,0,0,8381742,0,8324595,Mouse,10090,S1553,,,standard,,,from:100 to:1000,ERS354535,,Mus musculus,0,,RNA,,1694497,,T_CBF1_G5,RT_40,,,168,ERP002223,1,0,0,In order to examine the impact of genetic variation on epigenetic marking and control of gene expression.,2501,Mouse model to quantify genotype-epigenotype variations_RNA,Mus_musculus (GRCm38),0,Mouse model to quantify genotype-epigenotype variations     ,77,
7,6200285,6946_7_ACAACGCAAT,,ACAACGCAAT,,,,ACAACGCAAT,,,,,,,1,0,8381742,0,6200285,,,,,,standard,,,,,,,,,,,,,,,,,168,,1,0,0,None,198,Illumina Controls, ,0,,168,
8,8324596,ERS354536,,GAGATTCC,GTACTGAC,,Pre-quality controlled,GAGATTCCGTACTGAC,,,,,,,0,0,8381743,0,8324596,Mouse,10090,S1553,,,standard,,,from:100 to:1000,ERS354536,,Mus musculus,0,,RNA,,1694498,,T_CBM2_H4,RT_41,,,168,ERP002223,1,0,0,In order to examine the impact of genetic variation on epigenetic marking and control of gene expression.,2501,Mouse model to quantify genotype-epigenotype variations_RNA,Mus_musculus (GRCm38),0,Mouse model to quantify genotype-epigenotype variations     ,88,
8,8324597,ERS354537,,ATTCAGAA,GTACTGAC,,Pre-quality controlled,ATTCAGAAGTACTGAC,,,,,,,0,0,8381743,0,8324597,Mouse,10090,S1553,,,standard,,,from:100 to:1000,ERS354537,,Mus musculus,0,,RNA,,1694499,,T_CBM2_H5,RT_42,,,168,ERP002223,1,0,0,In order to examine the impact of genetic variation on epigenetic marking and control of gene expression.,2501,Mouse model to quantify genotype-epigenotype variations_RNA,Mus_musculus (GRCm38),0,Mouse model to quantify genotype-epigenotype variations     ,89,
8,6200285,6946_8_ACAACGCAAT,,ACAACGCAAT,,,,ACAACGCAAT,,,,,,,1,0,8381743,0,6200285,,,,,,standard,,,,,,,,,,,,,,,,,168,,1,0,0,None,198,Illumina Controls, ,0,,168,
