[Data],,,,,,,,,,,,,,,,,,,,,,,,,,,,,,,,,,,,,,,,,,,,,,,,,
Sample_ID,Sample_Name,GenomeFolder,Index,Index2,bait_name,default_library_type,default_tag_sequence,default_tagtwo_sequence,email_addresses,email_addresses_of_followers,email_addresses_of_managers,email_addresses_of_owners,gbs_plex_name,is_control,is_pool,lane_id,lane_priority,library_name,organism,organism_taxon_id,project_cost_code,purpose,qc_state,required_insert_size_range,sample_accession_number,sample_cohort,sample_common_name,sample_consent_withdrawn,sample_control_type,sample_description,sample_donor_id,sample_id,sample_is_control,sample_name,sample_public_name,sample_reference_genome,sample_supplier_name,spiked_phix_tag_index,study_accession_number,study_alignments_in_bam,study_contains_nonconsented_human,study_contains_nonconsented_xahuman,study_description,study_id,study_name,study_reference_genome,study_separate_y_chromosome_data,study_title,tag_index,
27037064,EGAN00002490956,,CGTGACAC,TTATTGCG,,Standard,CGTGACAC,TTATTGCG,user1@sanger.ac.uk user2@sanger.ac.uk user3@sanger.ac.uk user4@sanger.ac.uk,user4@sanger.ac.uk,user1@sanger.ac.uk user2@sanger.ac.uk user3@sanger.ac.uk,user1@sanger.ac.uk,,0,0,30355804,3,27037064,,9606,S4360,standard,,from:450 to:450,EGAN00002490956,Normal,Homo sapiens,0,,,PD41305k_99,4396647,,6133STDY8786628,PD41305k_99,,PD41305k_99,,,1,0,0,Sequencing of blood stem cell-derived colonies.,6133,ImmunoAgeing_Colonies_WGS,Homo_sapiens (1000Genomes_hs37d5 %2B ensembl_75_transcriptome),0,ImmunoAgeing_Colonies_WGS,1,
27037100,EGAN00002490958,,ACTTAGAG,CTCCATAA,,Standard,ACTTAGAG,CTCCATAA,user1@sanger.ac.uk user2@sanger.ac.uk user3@sanger.ac.uk user4@sanger.ac.uk,user4@sanger.ac.uk,user1@sanger.ac.uk user2@sanger.ac.uk user3@sanger.ac.uk,user1@sanger.ac.uk,,0,0,30355804,3,27037100,,9606,S4360,standard,,from:450 to:450,EGAN00002490958,Normal,Homo sapiens,0,,,PD41305k_102,4396650,,6133STDY8786631,PD41305k_102,,PD41305k_102,,,1,0,0,Sequencing of blood stem cell-derived colonies.,6133,ImmunoAgeing_Colonies_WGS,Homo_sapiens (1000Genomes_hs37d5 %2B ensembl_75_transcriptome),0,ImmunoAgeing_Colonies_WGS,2,
27037112,EGAN00002490960,,TCAGGAAA,CCAAACCC,,Standard,TCAGGAAA,CCAAACCC,user1@sanger.ac.uk user2@sanger.ac.uk user3@sanger.ac.uk user4@sanger.ac.uk,user4@sanger.ac.uk,user1@sanger.ac.uk user2@sanger.ac.uk user3@sanger.ac.uk,user1@sanger.ac.uk,,0,0,30355804,3,27037112,,9606,S4360,standard,,from:450 to:450,EGAN00002490960,Normal,Homo sapiens,0,,,PD41305k_103,4396651,,6133STDY8786632,PD41305k_103,,PD41305k_103,,,1,0,0,Sequencing of blood stem cell-derived colonies.,6133,ImmunoAgeing_Colonies_WGS,Homo_sapiens (1000Genomes_hs37d5 %2B ensembl_75_transcriptome),0,ImmunoAgeing_Colonies_WGS,3,
27037089,EGAN00002490966,,CGTCACCA,CTTGTTAA,,Standard,CGTCACCA,CTTGTTAA,user1@sanger.ac.uk user2@sanger.ac.uk user3@sanger.ac.uk user4@sanger.ac.uk,user4@sanger.ac.uk,user1@sanger.ac.uk user2@sanger.ac.uk user3@sanger.ac.uk,user1@sanger.ac.uk,,0,0,30355804,3,27037089,,9606,S4360,standard,,from:450 to:450,EGAN00002490966,Normal,Homo sapiens,0,,,PD41305k_109,4396657,,6133STDY8786638,PD41305k_109,,PD41305k_109,,,1,0,0,Sequencing of blood stem cell-derived colonies.,6133,ImmunoAgeing_Colonies_WGS,Homo_sapiens (1000Genomes_hs37d5 %2B ensembl_75_transcriptome),0,ImmunoAgeing_Colonies_WGS,4,
27037101,EGAN00002490967,,GTGTTTCT,AAAGTGCG,,Standard,GTGTTTCT,AAAGTGCG,user1@sanger.ac.uk user2@sanger.ac.uk user3@sanger.ac.uk user4@sanger.ac.uk,user4@sanger.ac.uk,user1@sanger.ac.uk user2@sanger.ac.uk user3@sanger.ac.uk,user1@sanger.ac.uk,,0,0,30355804,3,27037101,,9606,S4360,standard,,from:450 to:450,EGAN00002490967,Normal,Homo sapiens,0,,,PD41305k_110,4396658,,6133STDY8786639,PD41305k_110,,PD41305k_110,,,1,0,0,Sequencing of blood stem cell-derived colonies.,6133,ImmunoAgeing_Colonies_WGS,Homo_sapiens (1000Genomes_hs37d5 %2B ensembl_75_transcriptome),0,ImmunoAgeing_Colonies_WGS,5,
27037113,EGAN00002490968,,GGCACTCA,AAGTACAG,,Standard,GGCACTCA,AAGTACAG,user1@sanger.ac.uk user2@sanger.ac.uk user3@sanger.ac.uk user4@sanger.ac.uk,user4@sanger.ac.uk,user1@sanger.ac.uk user2@sanger.ac.uk user3@sanger.ac.uk,user1@sanger.ac.uk,,0,0,30355804,3,27037113,,9606,S4360,standard,,from:450 to:450,EGAN00002490968,Normal,Homo sapiens,0,,,PD41305k_111,4396659,,6133STDY8786640,PD41305k_111,,PD41305k_111,,,1,0,0,Sequencing of blood stem cell-derived colonies.,6133,ImmunoAgeing_Colonies_WGS,Homo_sapiens (1000Genomes_hs37d5 %2B ensembl_75_transcriptome),0,ImmunoAgeing_Colonies_WGS,6,
27037125,EGAN00002490970,,GTCATCTT,GCGCGCTA,,Standard,GTCATCTT,GCGCGCTA,user1@sanger.ac.uk user2@sanger.ac.uk user3@sanger.ac.uk user4@sanger.ac.uk,user4@sanger.ac.uk,user1@sanger.ac.uk user2@sanger.ac.uk user3@sanger.ac.uk,user1@sanger.ac.uk,,0,0,30355804,3,27037125,,9606,S4360,standard,,from:450 to:450,EGAN00002490970,Normal,Homo sapiens,0,,,PD41305k_112,4396660,,6133STDY8786641,PD41305k_112,,PD41305k_112,,,1,0,0,Sequencing of blood stem cell-derived colonies.,6133,ImmunoAgeing_Colonies_WGS,Homo_sapiens (1000Genomes_hs37d5 %2B ensembl_75_transcriptome),0,ImmunoAgeing_Colonies_WGS,7,
27037090,EGAN00002490973,,AGAGCTTA,TATAAAGC,,Standard,AGAGCTTA,TATAAAGC,user1@sanger.ac.uk user2@sanger.ac.uk user3@sanger.ac.uk user4@sanger.ac.uk,user4@sanger.ac.uk,user1@sanger.ac.uk user2@sanger.ac.uk user3@sanger.ac.uk,user1@sanger.ac.uk,,0,0,30355804,3,27037090,,9606,S4360,standard,,from:450 to:450,EGAN00002490973,Normal,Homo sapiens,0,,,PD41305k_117,4396665,,6133STDY8786646,PD41305k_117,,PD41305k_117,,,1,0,0,Sequencing of blood stem cell-derived colonies.,6133,ImmunoAgeing_Colonies_WGS,Homo_sapiens (1000Genomes_hs37d5 %2B ensembl_75_transcriptome),0,ImmunoAgeing_Colonies_WGS,8,
27037114,EGAN00002490976,,CTAAGTCC,TATCAAAG,,Standard,CTAAGTCC,TATCAAAG,user1@sanger.ac.uk user2@sanger.ac.uk user3@sanger.ac.uk user4@sanger.ac.uk,user4@sanger.ac.uk,user1@sanger.ac.uk user2@sanger.ac.uk user3@sanger.ac.uk,user1@sanger.ac.uk,,0,0,30355804,3,27037114,,9606,S4360,standard,,from:450 to:450,EGAN00002490976,Normal,Homo sapiens,0,,,PD41305k_119,4396667,,6133STDY8786648,PD41305k_119,,PD41305k_119,,,1,0,0,Sequencing of blood stem cell-derived colonies.,6133,ImmunoAgeing_Colonies_WGS,Homo_sapiens (1000Genomes_hs37d5 %2B ensembl_75_transcriptome),0,ImmunoAgeing_Colonies_WGS,9,
27037091,EGAN00002490982,,GATCTTGA,GTCCCGCA,,Standard,GATCTTGA,GTCCCGCA,user1@sanger.ac.uk user2@sanger.ac.uk user3@sanger.ac.uk user4@sanger.ac.uk,user4@sanger.ac.uk,user1@sanger.ac.uk user2@sanger.ac.uk user3@sanger.ac.uk,user1@sanger.ac.uk,,0,0,30355804,3,27037091,,9606,S4360,standard,,from:450 to:450,EGAN00002490982,Normal,Homo sapiens,0,,,PD41305k_125,4396673,,6133STDY8786654,PD41305k_125,,PD41305k_125,,,1,0,0,Sequencing of blood stem cell-derived colonies.,6133,ImmunoAgeing_Colonies_WGS,Homo_sapiens (1000Genomes_hs37d5 %2B ensembl_75_transcriptome),0,ImmunoAgeing_Colonies_WGS,10,
27037056,EGAN00002491016,,GCGACTGA,CGCTTCAC,,Standard,GCGACTGA,CGCTTCAC,user1@sanger.ac.uk user2@sanger.ac.uk user3@sanger.ac.uk user4@sanger.ac.uk,user4@sanger.ac.uk,user1@sanger.ac.uk user2@sanger.ac.uk user3@sanger.ac.uk,user1@sanger.ac.uk,,0,0,30355804,3,27037056,,9606,S4360,standard,,from:450 to:450,EGAN00002491016,Normal,Homo sapiens,0,,,PD41305k_130,4396678,,6133STDY8786659,PD41305k_130,,PD41305k_130,,,1,0,0,Sequencing of blood stem cell-derived colonies.,6133,ImmunoAgeing_Colonies_WGS,Homo_sapiens (1000Genomes_hs37d5 %2B ensembl_75_transcriptome),0,ImmunoAgeing_Colonies_WGS,11,
27037104,EGAN00002491020,,TCCGGATT,CACAAGGA,,Standard,TCCGGATT,CACAAGGA,user1@sanger.ac.uk user2@sanger.ac.uk user3@sanger.ac.uk user4@sanger.ac.uk,user4@sanger.ac.uk,user1@sanger.ac.uk user2@sanger.ac.uk user3@sanger.ac.uk,user1@sanger.ac.uk,,0,0,30355804,3,27037104,,9606,S4360,standard,,from:450 to:450,EGAN00002491020,Normal,Homo sapiens,0,,,PD41305k_134,4396682,,6133STDY8786663,PD41305k_134,,PD41305k_134,,,1,0,0,Sequencing of blood stem cell-derived colonies.,6133,ImmunoAgeing_Colonies_WGS,Homo_sapiens (1000Genomes_hs37d5 %2B ensembl_75_transcriptome),0,ImmunoAgeing_Colonies_WGS,12,
27037129,EGAN00002491021,,AACGACTG,GAAATTAT,,Standard,AACGACTG,GAAATTAT,user1@sanger.ac.uk user2@sanger.ac.uk user3@sanger.ac.uk user4@sanger.ac.uk,user4@sanger.ac.uk,user1@sanger.ac.uk user2@sanger.ac.uk user3@sanger.ac.uk,user1@sanger.ac.uk,,0,0,30355804,3,27037129,,9606,S4360,standard,,from:450 to:450,EGAN00002491021,Normal,Homo sapiens,0,,,PD41305k_136,4396684,,6133STDY8786665,PD41305k_136,,PD41305k_136,,,1,0,0,Sequencing of blood stem cell-derived colonies.,6133,ImmunoAgeing_Colonies_WGS,Homo_sapiens (1000Genomes_hs37d5 %2B ensembl_75_transcriptome),0,ImmunoAgeing_Colonies_WGS,13,
27037105,EGAN00002491029,,CTCGTGTC,TAGAGATA,,Standard,CTCGTGTC,TAGAGATA,user1@sanger.ac.uk user2@sanger.ac.uk user3@sanger.ac.uk user4@sanger.ac.uk,user4@sanger.ac.uk,user1@sanger.ac.uk user2@sanger.ac.uk user3@sanger.ac.uk,user1@sanger.ac.uk,,0,0,30355804,3,27037105,,9606,S4360,standard,,from:450 to:450,EGAN00002491029,Normal,Homo sapiens,0,,,PD41305k_142,4396690,,6133STDY8786671,PD41305k_142,,PD41305k_142,,,1,0,0,Sequencing of blood stem cell-derived colonies.,6133,ImmunoAgeing_Colonies_WGS,Homo_sapiens (1000Genomes_hs37d5 %2B ensembl_75_transcriptome),0,ImmunoAgeing_Colonies_WGS,14,
27037117,EGAN00002491028,,TGGCGGTC,AGCGTATT,,Standard,TGGCGGTC,AGCGTATT,user1@sanger.ac.uk user2@sanger.ac.uk user3@sanger.ac.uk user4@sanger.ac.uk,user4@sanger.ac.uk,user1@sanger.ac.uk user2@sanger.ac.uk user3@sanger.ac.uk,user1@sanger.ac.uk,,0,0,30355804,3,27037117,,9606,S4360,standard,,from:450 to:450,EGAN00002491028,Normal,Homo sapiens,0,,,PD41305k_143,4396691,,6133STDY8786672,PD41305k_143,,PD41305k_143,,,1,0,0,Sequencing of blood stem cell-derived colonies.,6133,ImmunoAgeing_Colonies_WGS,Homo_sapiens (1000Genomes_hs37d5 %2B ensembl_75_transcriptome),0,ImmunoAgeing_Colonies_WGS,15,
27037058,EGAN00002491033,,TGATTTCC,ACTTCCGA,,Standard,TGATTTCC,ACTTCCGA,user1@sanger.ac.uk user2@sanger.ac.uk user3@sanger.ac.uk user4@sanger.ac.uk,user4@sanger.ac.uk,user1@sanger.ac.uk user2@sanger.ac.uk user3@sanger.ac.uk,user1@sanger.ac.uk,,0,0,30355804,3,27037058,,9606,S4360,standard,,from:450 to:450,EGAN00002491033,Normal,Homo sapiens,0,,,PD41305k_146,4396694,,6133STDY8786675,PD41305k_146,,PD41305k_146,,,1,0,0,Sequencing of blood stem cell-derived colonies.,6133,ImmunoAgeing_Colonies_WGS,Homo_sapiens (1000Genomes_hs37d5 %2B ensembl_75_transcriptome),0,ImmunoAgeing_Colonies_WGS,16,
27037094,EGAN00002491035,,TTTAAATG,ACGTTTAA,,Standard,TTTAAATG,ACGTTTAA,user1@sanger.ac.uk user2@sanger.ac.uk user3@sanger.ac.uk user4@sanger.ac.uk,user4@sanger.ac.uk,user1@sanger.ac.uk user2@sanger.ac.uk user3@sanger.ac.uk,user1@sanger.ac.uk,,0,0,30355804,3,27037094,,9606,S4360,standard,,from:450 to:450,EGAN00002491035,Normal,Homo sapiens,0,,,PD41305k_149,4396697,,6133STDY8786678,PD41305k_149,,PD41305k_149,,,1,0,0,Sequencing of blood stem cell-derived colonies.,6133,ImmunoAgeing_Colonies_WGS,Homo_sapiens (1000Genomes_hs37d5 %2B ensembl_75_transcriptome),0,ImmunoAgeing_Colonies_WGS,17,
27037106,EGAN00002491037,,ACCTGCGG,ACGCCGCG,,Standard,ACCTGCGG,ACGCCGCG,user1@sanger.ac.uk user2@sanger.ac.uk user3@sanger.ac.uk user4@sanger.ac.uk,user4@sanger.ac.uk,user1@sanger.ac.uk user2@sanger.ac.uk user3@sanger.ac.uk,user1@sanger.ac.uk,,0,0,30355804,3,27037106,,9606,S4360,standard,,from:450 to:450,EGAN00002491037,Normal,Homo sapiens,0,,,PD41305k_150,4396698,,6133STDY8786679,PD41305k_150,,PD41305k_150,,,1,0,0,Sequencing of blood stem cell-derived colonies.,6133,ImmunoAgeing_Colonies_WGS,Homo_sapiens (1000Genomes_hs37d5 %2B ensembl_75_transcriptome),0,ImmunoAgeing_Colonies_WGS,18,
27037047,EGAN00002491039,,GACCGCAG,GGTCCCTC,,Standard,GACCGCAG,GGTCCCTC,user1@sanger.ac.uk user2@sanger.ac.uk user3@sanger.ac.uk user4@sanger.ac.uk,user4@sanger.ac.uk,user1@sanger.ac.uk user2@sanger.ac.uk user3@sanger.ac.uk,user1@sanger.ac.uk,,0,0,30355804,3,27037047,,9606,S4360,standard,,from:450 to:450,EGAN00002491039,Normal,Homo sapiens,0,,,PD41305k_153,4396701,,6133STDY8786682,PD41305k_153,,PD41305k_153,,,1,0,0,Sequencing of blood stem cell-derived colonies.,6133,ImmunoAgeing_Colonies_WGS,Homo_sapiens (1000Genomes_hs37d5 %2B ensembl_75_transcriptome),0,ImmunoAgeing_Colonies_WGS,19,
27037071,EGAN00002491041,,GTTTCATG,CAAACAAA,,Standard,GTTTCATG,CAAACAAA,user1@sanger.ac.uk user2@sanger.ac.uk user3@sanger.ac.uk user4@sanger.ac.uk,user4@sanger.ac.uk,user1@sanger.ac.uk user2@sanger.ac.uk user3@sanger.ac.uk,user1@sanger.ac.uk,,0,0,30355804,3,27037071,,9606,S4360,standard,,from:450 to:450,EGAN00002491041,Normal,Homo sapiens,0,,,PD41305k_155,4396703,,6133STDY8786684,PD41305k_155,,PD41305k_155,,,1,0,0,Sequencing of blood stem cell-derived colonies.,6133,ImmunoAgeing_Colonies_WGS,Homo_sapiens (1000Genomes_hs37d5 %2B ensembl_75_transcriptome),0,ImmunoAgeing_Colonies_WGS,20,
27037083,EGAN00002491042,,AAACATCG,ACCAAAGC,,Standard,AAACATCG,ACCAAAGC,user1@sanger.ac.uk user2@sanger.ac.uk user3@sanger.ac.uk user4@sanger.ac.uk,user4@sanger.ac.uk,user1@sanger.ac.uk user2@sanger.ac.uk user3@sanger.ac.uk,user1@sanger.ac.uk,,0,0,30355804,3,27037083,,9606,S4360,standard,,from:450 to:450,EGAN00002491042,Normal,Homo sapiens,0,,,PD41305k_156,4396704,,6133STDY8786685,PD41305k_156,,PD41305k_156,,,1,0,0,Sequencing of blood stem cell-derived colonies.,6133,ImmunoAgeing_Colonies_WGS,Homo_sapiens (1000Genomes_hs37d5 %2B ensembl_75_transcriptome),0,ImmunoAgeing_Colonies_WGS,21,
27037048,EGAN00002491047,,GCTGCGCT,CCGATAAA,,Standard,GCTGCGCT,CCGATAAA,user1@sanger.ac.uk user2@sanger.ac.uk user3@sanger.ac.uk user4@sanger.ac.uk,user4@sanger.ac.uk,user1@sanger.ac.uk user2@sanger.ac.uk user3@sanger.ac.uk,user1@sanger.ac.uk,,0,0,30355804,3,27037048,,9606,S4360,standard,,from:450 to:450,EGAN00002491047,Normal,Homo sapiens,0,,,PD41305k_161,4396709,,6133STDY8786690,PD41305k_161,,PD41305k_161,,,1,0,0,Sequencing of blood stem cell-derived colonies.,6133,ImmunoAgeing_Colonies_WGS,Homo_sapiens (1000Genomes_hs37d5 %2B ensembl_75_transcriptome),0,ImmunoAgeing_Colonies_WGS,22,
27037072,EGAN00002491048,,TGTCAGCT,CGCCGCCC,,Standard,TGTCAGCT,CGCCGCCC,user1@sanger.ac.uk user2@sanger.ac.uk user3@sanger.ac.uk user4@sanger.ac.uk,user4@sanger.ac.uk,user1@sanger.ac.uk user2@sanger.ac.uk user3@sanger.ac.uk,user1@sanger.ac.uk,,0,0,30355804,3,27037072,,9606,S4360,standard,,from:450 to:450,EGAN00002491048,Normal,Homo sapiens,0,,,PD41305k_163,4396711,,6133STDY8786692,PD41305k_163,,PD41305k_163,,,1,0,0,Sequencing of blood stem cell-derived colonies.,6133,ImmunoAgeing_Colonies_WGS,Homo_sapiens (1000Genomes_hs37d5 %2B ensembl_75_transcriptome),0,ImmunoAgeing_Colonies_WGS,23,
27037084,EGAN00002490985,,CTCTCCGG,TGCCGGCA,,Standard,CTCTCCGG,TGCCGGCA,user1@sanger.ac.uk user2@sanger.ac.uk user3@sanger.ac.uk user4@sanger.ac.uk,user4@sanger.ac.uk,user1@sanger.ac.uk user2@sanger.ac.uk user3@sanger.ac.uk,user1@sanger.ac.uk,,0,0,30355804,3,27037084,,9606,S4360,standard,,from:450 to:450,EGAN00002490985,Normal,Homo sapiens,0,,,PD41305k_164,4396712,,6133STDY8786693,PD41305k_164,,PD41305k_164,,,1,0,0,Sequencing of blood stem cell-derived colonies.,6133,ImmunoAgeing_Colonies_WGS,Homo_sapiens (1000Genomes_hs37d5 %2B ensembl_75_transcriptome),0,ImmunoAgeing_Colonies_WGS,24,
27037134,EGAN00002490989,,AGAGTTAC,GATGGCTA,,Standard,AGAGTTAC,GATGGCTA,user1@sanger.ac.uk user2@sanger.ac.uk user3@sanger.ac.uk user4@sanger.ac.uk,user4@sanger.ac.uk,user1@sanger.ac.uk user2@sanger.ac.uk user3@sanger.ac.uk,user1@sanger.ac.uk,,0,0,30355804,3,27037134,,9606,S4360,standard,,from:450 to:450,EGAN00002490989,Normal,Homo sapiens,0,,,PD41305k_168,4396716,,6133STDY8786697,PD41305k_168,,PD41305k_168,,,1,0,0,Sequencing of blood stem cell-derived colonies.,6133,ImmunoAgeing_Colonies_WGS,Homo_sapiens (1000Genomes_hs37d5 %2B ensembl_75_transcriptome),0,ImmunoAgeing_Colonies_WGS,25,
27037061,EGAN00002490991,,CTCTTTAT,AAGCTCCG,,Standard,CTCTTTAT,AAGCTCCG,user1@sanger.ac.uk user2@sanger.ac.uk user3@sanger.ac.uk user4@sanger.ac.uk,user4@sanger.ac.uk,user1@sanger.ac.uk user2@sanger.ac.uk user3@sanger.ac.uk,user1@sanger.ac.uk,,0,0,30355804,3,27037061,,9606,S4360,standard,,from:450 to:450,EGAN00002490991,Normal,Homo sapiens,0,,,PD41305k_170,4396718,,6133STDY8786699,PD41305k_170,,PD41305k_170,,,1,0,0,Sequencing of blood stem cell-derived colonies.,6133,ImmunoAgeing_Colonies_WGS,Homo_sapiens (1000Genomes_hs37d5 %2B ensembl_75_transcriptome),0,ImmunoAgeing_Colonies_WGS,26,
27037073,EGAN00002490992,,AGAGAGCC,ATAGGCAA,,Standard,AGAGAGCC,ATAGGCAA,user1@sanger.ac.uk user2@sanger.ac.uk user3@sanger.ac.uk user4@sanger.ac.uk,user4@sanger.ac.uk,user1@sanger.ac.uk user2@sanger.ac.uk user3@sanger.ac.uk,user1@sanger.ac.uk,,0,0,30355804,3,27037073,,9606,S4360,standard,,from:450 to:450,EGAN00002490992,Normal,Homo sapiens,0,,,PD41305k_171,4396719,,6133STDY8786700,PD41305k_171,,PD41305k_171,,,1,0,0,Sequencing of blood stem cell-derived colonies.,6133,ImmunoAgeing_Colonies_WGS,Homo_sapiens (1000Genomes_hs37d5 %2B ensembl_75_transcriptome),0,ImmunoAgeing_Colonies_WGS,27,
27037085,EGAN00002490993,,CATCCACT,CCGGTGCC,,Standard,CATCCACT,CCGGTGCC,user1@sanger.ac.uk user2@sanger.ac.uk user3@sanger.ac.uk user4@sanger.ac.uk,user4@sanger.ac.uk,user1@sanger.ac.uk user2@sanger.ac.uk user3@sanger.ac.uk,user1@sanger.ac.uk,,0,0,30355804,3,27037085,,9606,S4360,standard,,from:450 to:450,EGAN00002490993,Normal,Homo sapiens,0,,,PD41305k_172,4396720,,6133STDY8786701,PD41305k_172,,PD41305k_172,,,1,0,0,Sequencing of blood stem cell-derived colonies.,6133,ImmunoAgeing_Colonies_WGS,Homo_sapiens (1000Genomes_hs37d5 %2B ensembl_75_transcriptome),0,ImmunoAgeing_Colonies_WGS,28,
27037086,EGAN00002491001,,CATTCTTC,TAACCGCG,,Standard,CATTCTTC,TAACCGCG,user1@sanger.ac.uk user2@sanger.ac.uk user3@sanger.ac.uk user4@sanger.ac.uk,user4@sanger.ac.uk,user1@sanger.ac.uk user2@sanger.ac.uk user3@sanger.ac.uk,user1@sanger.ac.uk,,0,0,30355804,3,27037086,,9606,S4360,standard,,from:450 to:450,EGAN00002491001,Normal,Homo sapiens,0,,,PD41305k_180,4396728,,6133STDY8786709,PD41305k_180,,PD41305k_180,,,1,0,0,Sequencing of blood stem cell-derived colonies.,6133,ImmunoAgeing_Colonies_WGS,Homo_sapiens (1000Genomes_hs37d5 %2B ensembl_75_transcriptome),0,ImmunoAgeing_Colonies_WGS,29,
27037098,EGAN00002491002,,CTCGACGT,GAAGAGCC,,Standard,CTCGACGT,GAAGAGCC,user1@sanger.ac.uk user2@sanger.ac.uk user3@sanger.ac.uk user4@sanger.ac.uk,user4@sanger.ac.uk,user1@sanger.ac.uk user2@sanger.ac.uk user3@sanger.ac.uk,user1@sanger.ac.uk,,0,0,30355804,3,27037098,,9606,S4360,standard,,from:450 to:450,EGAN00002491002,Normal,Homo sapiens,0,,,PD41305k_181,4396729,,6133STDY8786710,PD41305k_181,,PD41305k_181,,,1,0,0,Sequencing of blood stem cell-derived colonies.,6133,ImmunoAgeing_Colonies_WGS,Homo_sapiens (1000Genomes_hs37d5 %2B ensembl_75_transcriptome),0,ImmunoAgeing_Colonies_WGS,30,
27037110,EGAN00002491003,,AGTTGCAA,ATCCTGAG,,Standard,AGTTGCAA,ATCCTGAG,user1@sanger.ac.uk user2@sanger.ac.uk user3@sanger.ac.uk user4@sanger.ac.uk,user4@sanger.ac.uk,user1@sanger.ac.uk user2@sanger.ac.uk user3@sanger.ac.uk,user1@sanger.ac.uk,,0,0,30355804,3,27037110,,9606,S4360,standard,,from:450 to:450,EGAN00002491003,Normal,Homo sapiens,0,,,PD41305k_182,4396730,,6133STDY8786711,PD41305k_182,,PD41305k_182,,,1,0,0,Sequencing of blood stem cell-derived colonies.,6133,ImmunoAgeing_Colonies_WGS,Homo_sapiens (1000Genomes_hs37d5 %2B ensembl_75_transcriptome),0,ImmunoAgeing_Colonies_WGS,31,
27037051,EGAN00002491009,,GTAAGATG,AAAGGCTG,,Standard,GTAAGATG,AAAGGCTG,user1@sanger.ac.uk user2@sanger.ac.uk user3@sanger.ac.uk user4@sanger.ac.uk,user4@sanger.ac.uk,user1@sanger.ac.uk user2@sanger.ac.uk user3@sanger.ac.uk,user1@sanger.ac.uk,,0,0,30355804,3,27037051,,9606,S4360,standard,,from:450 to:450,EGAN00002491009,Normal,Homo sapiens,0,,,PD41305k_185,4396733,,6133STDY8786714,PD41305k_185,,PD41305k_185,,,1,0,0,Sequencing of blood stem cell-derived colonies.,6133,ImmunoAgeing_Colonies_WGS,Homo_sapiens (1000Genomes_hs37d5 %2B ensembl_75_transcriptome),0,ImmunoAgeing_Colonies_WGS,32,
